Nitrogen,Phosphorus,Potassium,Crop,Soil_Type,Variety
84,49,25,Maize,Loamy,Standard
95,51,27,Maize,Sandy,Standard
75,52,22,Maize,Loamy,Standard
75,36,26,Maize,Loamy,Standard
69,51,21,Maize,Loamy,Standard
65,46,25,Maize,Sandy,Standard
74,50,20,Maize,Loamy,Standard
83,46,26,Maize,Loamy,Standard
73,59,23,Maize,Loamy,Standard
69,48,25,Maize,Sandy,Standard
82,40,20,Maize,Clay,Standard
81,51,26,Maize,Clay,Standard
78,48,19,Maize,Clay,Standard
72,43,21,Maize,Sandy,Standard
83,48,21,Maize,Loamy,Standard
86,52,26,Maize,Sandy,Standard
71,48,24,Maize,Loamy,Standard
89,49,22,Maize,Loamy,Standard
88,56,23,Maize,Loamy,Standard
90,54,26,Maize,Sandy,Standard
79,57,16,Maize,Loamy,Standard
88,42,27,Maize,Sandy,Standard
77,51,28,Maize,Loamy,Standard
74,48,22,Maize,Loamy,Standard
89,51,22,Maize,Clay,Standard
85,56,24,Maize,Clay,Standard
72,48,22,Maize,Clay,Standard
65,36,25,Maize,Loamy,Standard
76,45,23,Maize,Sandy,Standard
84,45,28,Maize,Clay,Standard
60,49,24,Maize,Loamy,Standard
104,52,23,Maize,Loamy,Standard
79,44,27,Maize,Loamy,Standard
87,45,28,Maize,Sandy,Standard
85,60,21,Maize,Loamy,Standard
74,58,26,Maize,Loamy,Standard
64,50,20,Maize,Sandy,Standard
84,53,23,Maize,Loamy,Standard
72,48,26,Maize,Clay,Standard
67,56,31,Maize,Loamy,Standard
82,53,20,Maize,Sandy,Standard
66,53,27,Maize,Loamy,Standard
82,46,29,Maize,Sandy,Standard
84,53,21,Maize,Loamy,Standard
91,45,26,Maize,Sandy,Standard
84,45,24,Maize,Loamy,Standard
71,45,23,Maize,Clay,Standard
83,56,25,Maize,Sandy,Standard
77,63,25,Maize,Loamy,Standard
71,50,23,Maize,Loamy,Standard
77,53,25,Maize,Clay,Standard
79,47,26,Maize,Loamy,Standard
75,54,24,Maize,Clay,Standard
67,53,29,Maize,Loamy,Standard
80,44,25,Maize,Sandy,Standard
85,45,28,Maize,Loamy,Standard
85,52,25,Maize,Sandy,Standard
118,56,26,Maize,Sandy,Standard
76,53,21,Maize,Sandy,Standard
77,49,22,Maize,Sandy,Standard
86,41,22,Maize,Loamy,Standard
90,57,24,Maize,Loamy,Standard
72,51,24,Maize,Sandy,Standard
73,56,26,Maize,Clay,Standard
59,50,22,Maize,Loamy,Standard
88,46,28,Maize,Loamy,Standard
75,46,29,Maize,Sandy,Standard
84,51,28,Maize,Sandy,Standard
64,47,27,Maize,Loamy,Standard
72,48,29,Maize,Loamy,Standard
47,44,23,Maize,Loamy,Standard
67,57,27,Maize,Loamy,Standard
94,42,27,Maize,Sandy,Standard
80,48,24,Maize,Sandy,Standard
81,53,28,Maize,Loamy,Standard
67,53,24,Maize,Loamy,Standard
82,46,23,Maize,Clay,Standard
75,46,22,Maize,Sandy,Standard
88,51,26,Maize,Loamy,Standard
86,52,21,Maize,Clay,Standard
79,50,27,Maize,Loamy,Standard
74,57,22,Maize,Sandy,Standard
93,50,26,Maize,Loamy,Standard
76,48,22,Maize,Clay,Standard
80,52,21,Maize,Loamy,Standard
100,56,20,Maize,Sandy,Standard
86,53,23,Maize,Loamy,Standard
71,39,29,Maize,Clay,Standard
71,48,25,Maize,Sandy,Standard
74,47,24,Maize,Clay,Standard
75,51,19,Maize,Clay,Standard
65,46,28,Maize,Loamy,Standard
83,57,26,Maize,Loamy,Standard
78,48,23,Maize,Loamy,Standard
83,45,25,Maize,Clay,Standard
95,42,21,Maize,Clay,Standard
82,50,24,Maize,Clay,Standard
72,61,25,Maize,Sandy,Standard
101,46,26,Maize,Loamy,Standard
81,49,26,Maize,Sandy,Standard
71,47,17,Maize,Sandy,Standard
74,40,25,Maize,Clay,Standard
71,52,20,Maize,Clay,Standard
98,49,23,Maize,Clay,Standard
62,56,23,Maize,Loamy,Standard
92,49,23,Maize,Clay,Standard
80,50,22,Maize,Loamy,Standard
86,43,25,Maize,Sandy,Standard
64,56,24,Maize,Sandy,Standard
72,50,28,Maize,Clay,Standard
100,58,23,Maize,Loamy,Standard
89,57,26,Maize,Loamy,Standard
90,41,20,Maize,Clay,Standard
59,51,17,Maize,Sandy,Standard
96,43,18,Maize,Loamy,Standard
79,49,25,Maize,Loamy,Standard
66,53,25,Maize,Loamy,Standard
70,53,23,Maize,Loamy,Standard
70,52,22,Maize,Loamy,Standard
72,42,23,Maize,Loamy,Standard
99,50,21,Maize,Clay,Standard
82,54,22,Maize,Sandy,Standard
74,47,23,Maize,Sandy,Standard
56,46,17,Maize,Sandy,Standard
85,51,33,Maize,Loamy,Standard
91,57,16,Maize,Loamy,Standard
72,42,22,Maize,Loamy,Standard
69,51,26,Maize,Sandy,Standard
79,57,24,Maize,Sandy,Standard
71,47,28,Maize,Loamy,Standard
71,43,26,Maize,Loamy,Standard
99,50,24,Maize,Loamy,Standard
73,47,22,Maize,Loamy,Standard
71,37,26,Maize,Clay,Standard
77,45,22,Maize,Loamy,Standard
87,52,24,Maize,Sandy,Standard
63,52,22,Maize,Loamy,Standard
85,51,15,Maize,Loamy,Standard
82,45,25,Maize,Loamy,Standard
63,63,19,Maize,Loamy,Standard
71,48,27,Maize,Loamy,Standard
74,55,26,Maize,Sandy,Standard
55,46,25,Maize,Clay,Standard
77,50,24,Maize,Loamy,Standard
80,49,27,Maize,Loamy,Standard
82,47,25,Maize,Loamy,Standard
83,47,24,Maize,Loamy,Standard
100,48,26,Maize,Clay,Standard
59,44,18,Maize,Sandy,Standard
76,42,24,Maize,Clay,Standard
88,38,24,Maize,Loamy,Standard
87,50,25,Maize,Loamy,Standard
83,47,25,Maize,Clay,Standard
102,47,25,Maize,Loamy,Standard
88,45,24,Maize,Sandy,Standard
75,48,26,Maize,Clay,Standard
77,45,22,Maize,Loamy,Standard
83,54,26,Maize,Sandy,Standard
84,59,21,Maize,Loamy,Standard
67,50,26,Maize,Loamy,Standard
86,49,24,Maize,Sandy,Standard
68,48,24,Maize,Clay,Standard
81,53,25,Maize,Sandy,Standard
82,51,20,Maize,Sandy,Standard
95,47,21,Maize,Clay,Standard
78,62,25,Maize,Loamy,Standard
78,47,20,Maize,Sandy,Standard
63,48,25,Maize,Loamy,Standard
76,58,23,Maize,Loamy,Standard
64,49,20,Maize,Loamy,Standard
77,53,29,Maize,Loamy,Standard
91,44,25,Maize,Clay,Standard
77,44,31,Maize,Loamy,Standard
80,46,26,Maize,Clay,Standard
74,47,23,Maize,Sandy,Standard
74,56,16,Maize,Loamy,Standard
92,39,22,Maize,Clay,Standard
76,49,25,Maize,Loamy,Standard
68,58,26,Maize,Loamy,Standard
92,46,21,Maize,Sandy,Standard
74,52,20,Maize,Loamy,Standard
87,54,21,Maize,Clay,Standard
76,55,20,Maize,Loamy,Standard
86,41,29,Maize,Clay,Standard
74,55,21,Maize,Sandy,Standard
65,53,19,Maize,Loamy,Standard
59,58,24,Maize,Sandy,Standard
79,54,23,Maize,Sandy,Standard
76,49,24,Maize,Sandy,Standard
62,46,22,Maize,Clay,Standard
80,51,22,Maize,Loamy,Standard
72,41,25,Maize,Sandy,Standard
90,52,24,Maize,Sandy,Standard
89,44,25,Maize,Clay,Standard
61,43,22,Maize,Loamy,Standard
80,48,24,Maize,Sandy,Standard
73,42,21,Maize,Sandy,Standard
66,52,18,Maize,Loamy,Standard
84,50,21,Maize,Loamy,Standard
87,53,19,Maize,Loamy,Standard
105,49,27,Maize,Loamy,Standard
72,50,22,Maize,Loamy,Standard
73,59,26,Maize,Sandy,Standard
74,44,26,Maize,Sandy,Standard
72,48,23,Maize,Loamy,Standard
86,55,24,Maize,Sandy,Standard
85,55,26,Maize,Loamy,Standard
84,42,23,Maize,Clay,Standard
84,51,24,Maize,Clay,Standard
67,52,23,Maize,Clay,Standard
79,53,24,Maize,Loamy,Standard
80,42,25,Maize,Loamy,Standard
82,47,27,Maize,Loamy,Standards
71,52,18,Maize,Sandy,Standard
90,42,24,Maize,Loamy,Standard
88,53,24,Maize,Sandy,Standard
74,57,30,Maize,Clay,Standard
76,41,18,Maize,Sandy,Standard
75,48,19,Maize,Loamy,Standard
70,40,20,Maize,Sandy,Standard
89,48,23,Maize,Sandy,Standard
86,55,28,Maize,Sandy,Standard
73,47,22,Maize,Sandy,Standard
74,47,23,Maize,Clay,Standard
94,47,21,Maize,Clay,Standard
84,46,21,Maize,Sandy,Standard
95,58,22,Maize,Clay,Standard
76,52,27,Maize,Sandy,Standard
78,46,19,Maize,Sandy,Standard
72,45,23,Maize,Loamy,Standard
74,51,23,Maize,Loamy,Standard
91,56,25,Maize,Loamy,Standard
86,59,25,Maize,Sandy,Standard
76,54,25,Maize,Clay,Standard
88,52,27,Maize,Sandy,Standard
91,46,25,Maize,Clay,Standard
78,50,27,Maize,Loamy,Standard
71,52,25,Maize,Sandy,Standard
81,50,19,Maize,Sandy,Standard
87,57,24,Maize,Loamy,Standard
82,57,23,Maize,Sandy,Standard
82,50,25,Maize,Loamy,Standard
90,44,24,Maize,Loamy,Standard
72,47,24,Maize,Clay,Standard
74,51,28,Maize,Sandy,Standard
79,41,22,Maize,Clay,Standard
65,39,25,Maize,Sandy,Standard
74,55,27,Maize,Loamy,Standard
86,49,29,Maize,Loamy,Standard
69,54,23,Maize,Loamy,Standard
67,57,23,Maize,Clay,Standard
91,51,23,Maize,Sandy,Standard
85,52,25,Maize,Loamy,Standard
93,56,25,Maize,Loamy,Standard
73,59,23,Maize,Loamy,Standard
65,42,25,Maize,Sandy,Standard
75,40,22,Maize,Sandy,Standard
55,55,20,Maize,Clay,Standard
70,49,23,Maize,Sandy,Standard
68,52,29,Maize,Loamy,Standard
82,39,23,Maize,Loamy,Standard
73,49,21,Maize,Loamy,Standard
97,53,22,Maize,Loamy,Standard
85,51,21,Maize,Sandy,Standard
80,46,26,Maize,Sandy,Standard
83,47,27,Maize,Clay,Standard
93,50,30,Maize,Sandy,Standard
73,48,24,Maize,Loamy,Standard
73,47,23,Maize,Clay,Standard
84,44,22,Maize,Sandy,Standard
79,60,29,Maize,Loamy,Standard
84,44,25,Maize,Sandy,Standard
77,41,25,Maize,Sandy,Standard
86,40,21,Maize,Loamy,Standard
82,55,29,Maize,Loamy,Standard
75,41,22,Maize,Sandy,Standard
94,56,22,Maize,Sandy,Standard
83,51,23,Maize,Loamy,Standard
85,48,26,Maize,Loamy,Standard
51,44,24,Maize,Loamy,Standard
67,55,22,Maize,Clay,Standard
83,42,23,Maize,Loamy,Standard
80,43,26,Maize,Loamy,Standard
75,53,19,Maize,Sandy,Standard
76,48,23,Maize,Clay,Standard
100,51,27,Maize,Clay,Standard
77,49,23,Maize,Sandy,Standard
79,49,20,Maize,Clay,Standard
80,40,26,Maize,Loamy,Standard
83,39,32,Maize,Sandy,Standard
91,44,25,Maize,Clay,Standard
69,51,22,Maize,Loamy,Standard
78,51,26,Maize,Clay,Standard
84,49,30,Maize,Sandy,Standard
82,55,27,Maize,Loamy,Standard
91,44,28,Maize,Sandy,Standard
83,46,23,Maize,Clay,Standard
83,51,28,Maize,Sandy,Standard
77,54,27,Maize,Clay,Standard
67,53,25,Maize,Loamy,Standard
78,50,23,Maize,Loamy,Standard
80,43,19,Maize,Sandy,Standard
70,39,22,Maize,Loamy,Standard
66,50,21,Maize,Sandy,Standard
73,61,26,Maize,Sandy,Standard
76,47,23,Maize,Loamy,Standard
66,41,27,Maize,Sandy,Standard
104,53,25,Maize,Sandy,Standard
87,51,24,Maize,Loamy,Standard
79,49,25,Maize,Loamy,Standard
63,49,21,Maize,Clay,Standard
68,40,25,Maize,Sandy,Standard
70,54,21,Maize,Loamy,Standard
77,45,25,Maize,Sandy,Standard
73,51,19,Maize,Clay,Standard
84,56,23,Maize,Sandy,Standard
81,47,24,Maize,Clay,Standard
85,48,25,Maize,Loamy,Standard
65,58,20,Maize,Sandy,Standard
73,54,22,Maize,Loamy,Standard
73,51,21,Maize,Sandy,Standard
101,52,21,Maize,Clay,Standard
78,49,24,Maize,Sandy,Standard
78,42,24,Maize,Loamy,Standard
79,62,21,Maize,Loamy,Standard
96,54,27,Maize,Clay,Standard
85,58,22,Maize,Loamy,Standard
77,44,21,Maize,Loamy,Standard
80,46,24,Maize,Clay,Standard
64,52,30,Maize,Loamy,Standard
92,43,29,Maize,Loamy,Standard
84,50,21,Maize,Clay,Standard
85,45,24,Maize,Loamy,Standard
65,57,23,Maize,Loamy,Standard
90,53,20,Maize,Clay,Standard
76,50,26,Maize,Clay,Standard
103,51,24,Maize,Loamy,Standard
76,52,25,Maize,Sandy,Standard
72,43,18,Maize,Loamy,Standard
85,60,20,Maize,Sandy,Standard
79,54,24,Maize,Loamy,Standard
79,52,25,Maize,Loamy,Standard
78,46,25,Maize,Loamy,Standard
71,50,24,Maize,Clay,Standard
79,54,28,Maize,Loamy,Standard
85,37,24,Maize,Loamy,Standard
73,49,24,Maize,Clay,Standard
85,40,22,Maize,Sandy,Standard
70,49,20,Maize,Sandy,Standard
85,45,25,Maize,Loamy,Standard
77,57,24,Maize,Clay,Standard
76,47,22,Maize,Loamy,Standard
73,48,22,Maize,Sandy,Standard
81,42,26,Maize,Sandy,Standard
54,54,19,Maize,Loamy,Standard
77,56,23,Maize,Sandy,Standard
74,37,22,Maize,Sandy,Standard
83,45,23,Maize,Sandy,Standard
91,49,23,Maize,Loamy,Standard
70,55,21,Maize,Loamy,Standard
66,41,28,Maize,Clay,Standard
77,55,20,Maize,Loamy,Standard
86,47,30,Maize,Sandy,Standard
73,51,26,Maize,Sandy,Standard
80,46,25,Maize,Sandy,Standard
73,48,24,Maize,Loamy,Standard
76,50,19,Maize,Loamy,Standard
70,53,27,Maize,Loamy,Standard
91,53,26,Maize,Sandy,Standard
72,43,22,Maize,Loamy,Standard
93,52,25,Maize,Loamy,Standard
101,57,29,Maize,Sandy,Standard
85,55,22,Maize,Clay,Standard
71,47,20,Maize,Loamy,Standard
100,44,23,Maize,Clay,Standard
77,43,26,Maize,Clay,Standard
78,51,23,Maize,Clay,Standard
96,54,26,Maize,Sandy,Standard
81,43,25,Maize,Clay,Standard
73,50,19,Maize,Clay,Standard
83,58,24,Maize,Loamy,Standard
106,59,25,Maize,Clay,Standard
92,53,23,Maize,Loamy,Standard
67,54,21,Maize,Clay,Standard
77,45,22,Maize,Sandy,Standard
85,53,28,Maize,Loamy,Standard
91,46,23,Maize,Sandy,Standard
80,42,20,Maize,Loamy,Standard
87,48,29,Maize,Clay,Standard
76,41,28,Maize,Loamy,Standard
64,56,22,Maize,Sandy,Standard
105,50,21,Maize,Sandy,Standard
100,56,27,Maize,Loamy,Standard
85,49,27,Maize,Loamy,Standard
78,47,26,Maize,Sandy,Standard
89,36,26,Maize,Loamy,Standard
72,40,23,Maize,Sandy,Standard
78,50,25,Maize,Loamy,Standard
92,52,23,Maize,Clay,Standard
70,55,18,Maize,Sandy,Standard
75,44,24,Maize,Loamy,Standard
62,55,23,Maize,Clay,Standard
85,47,20,Maize,Loamy,Standard
51,51,22,Maize,Loamy,Standard
96,47,22,Maize,Sandy,Standard
84,51,22,Maize,Sandy,Standard
78,48,21,Maize,Clay,Standard
71,45,21,Maize,Sandy,Standard
94,48,23,Maize,Loamy,Standard
72,50,20,Maize,Loamy,Standard
87,48,24,Maize,Clay,Standard
85,49,22,Maize,Loamy,Standard
87,43,24,Maize,Loamy,Standard
66,50,25,Maize,Loamy,Standard
72,45,24,Maize,Sandy,Standard
91,48,24,Maize,Sandy,Standard
71,50,20,Maize,Loamy,Standard
50,47,30,Maize,Loamy,Standard
86,60,24,Maize,Clay,Standard
72,46,23,Maize,Sandy,Standard
73,46,22,Maize,Sandy,Standard
70,42,24,Maize,Clay,Standard
77,42,26,Maize,Sandy,Standard
79,45,23,Maize,Sandy,Standard
75,55,24,Maize,Loamy,Standard
65,51,28,Maize,Sandy,Standard
75,56,24,Maize,Loamy,Standard
88,54,25,Maize,Loamy,Standard
76,47,21,Maize,Loamy,Standard
84,46,24,Maize,Clay,Standard
80,57,23,Maize,Clay,Standard
84,55,28,Maize,Loamy,Standard
78,54,27,Maize,Sandy,Standard
105,45,25,Maize,Clay,Standard
81,56,20,Maize,Loamy,Standard
91,49,27,Maize,Loamy,Standard
92,49,21,Maize,Sandy,Standard
74,47,22,Maize,Loamy,Standard
96,48,27,Maize,Loamy,Standard
95,49,27,Maize,Clay,Standard
70,51,20,Maize,Sandy,Standard
91,47,25,Maize,Clay,Standard
88,43,24,Maize,Loamy,Standard
99,55,20,Maize,Clay,Standard
83,52,25,Maize,Loamy,Standard
91,51,25,Maize,Sandy,Standard
78,45,27,Maize,Sandy,Standard
78,51,23,Maize,Loamy,Standard
74,49,24,Maize,Loamy,Standard
81,47,26,Maize,Clay,Standard
87,53,21,Maize,Clay,Standard
90,53,22,Maize,Loamy,Standard
83,59,23,Maize,Loamy,Standard
76,40,23,Maize,Sandy,Standard
69,44,26,Maize,Clay,Standard
97,53,22,Maize,Loamy,Standard
80,55,21,Maize,Loamy,Standard
82,51,25,Maize,Clay,Standard
81,55,15,Maize,Loamy,Standard
86,57,22,Maize,Sandy,Standard
78,54,28,Maize,Sandy,Standard
93,44,26,Maize,Sandy,Standard
77,45,30,Maize,Clay,Standard
78,57,25,Maize,Sandy,Standard
73,50,21,Maize,Loamy,Standard
66,48,17,Maize,Loamy,Standard
64,53,24,Maize,Loamy,Standard
65,55,22,Maize,Sandy,Standard
61,50,23,Maize,Loamy,Standard
86,45,24,Maize,Loamy,Standard
90,50,29,Maize,Clay,Standard
79,48,22,Maize,Loamy,Standard
61,42,24,Maize,Sandy,Standard
85,54,22,Maize,Clay,Standard
75,50,28,Maize,Loamy,Standard
88,45,17,Maize,Loamy,Standard
77,45,23,Maize,Loamy,Standard
80,52,23,Maize,Sandy,Standard
69,57,23,Maize,Sandy,Standard
80,51,26,Maize,Clay,Standard
73,51,20,Maize,Loamy,Standard
81,41,22,Maize,Loamy,Standard
74,50,24,Maize,Loamy,Standard
69,54,27,Maize,Clay,Standard
73,58,20,Maize,Loamy,Standard
89,48,28,Maize,Sandy,Standard
82,51,23,Maize,Loamy,Standard
88,40,27,Maize,Sandy,Standard
90,55,20,Maize,Loamy,Standard
75,45,22,Maize,Loamy,Standard
93,56,22,Maize,Loamy,Standard
77,55,20,Maize,Sandy,Standard
67,47,23,Maize,Sandy,Standard
82,49,20,Maize,Loamy,Standard
85,50,22,Maize,Loamy,Standard
78,44,22,Maize,Loamy,Standard
77,57,25,Maize,Loamy,Standard
77,49,24,Maize,Clay,Standard
91,51,23,Maize,Loamy,Standard
84,52,17,Maize,Loamy,Standard
107,61,93,Potato,Sandy,Standard
95,44,85,Potato,Sandy,Standard
88,47,80,Potato,Loamy,Standard
97,49,84,Potato,Loamy,Standard
64,48,95,Potato,Loamy,Standard
109,47,83,Potato,Sandy,Standard
116,42,91,Potato,Loamy,Standard
94,48,91,Potato,Loamy,Standard
96,48,91,Potato,Sandy,Standard
89,51,95,Potato,Sandy,Standard
80,46,87,Potato,Loamy,Standard
103,63,88,Potato,Loamy,Standard
89,51,92,Potato,Loamy,Standard
96,55,88,Potato,Loamy,Standard
95,35,93,Potato,Sandy,Standard
91,59,88,Potato,Loamy,Standard
82,52,85,Potato,Loamy,Standard
76,45,86,Potato,Clay,Standard
99,52,93,Potato,Loamy,Standard
95,52,87,Potato,Loamy,Standard
101,53,91,Potato,Sandy,Standard
100,45,89,Potato,Sandy,Standard
83,49,86,Potato,Loamy,Standard
86,50,93,Potato,Sandy,Standard
90,45,93,Potato,Sandy,Standard
99,49,86,Potato,Sandy,Standard
82,45,94,Potato,Sandy,Standard
88,42,89,Potato,Loamy,Standard
90,51,96,Potato,Sandy,Standard
76,50,95,Potato,Sandy,Standard
108,56,91,Potato,Sandy,Standard
85,54,92,Potato,Loamy,Standard
100,63,91,Potato,Sandy,Standard
84,40,89,Potato,Sandy,Standard
84,50,85,Potato,Sandy,Standard
101,46,90,Potato,Sandy,Standard
86,50,94,Potato,Sandy,Standard
81,48,86,Potato,Sandy,Standard
85,54,91,Potato,Sandy,Standard
91,48,93,Potato,Clay,Standard
92,47,77,Potato,Loamy,Standard
88,52,85,Potato,Loamy,Standard
90,50,86,Potato,Loamy,Standard
86,47,90,Potato,Sandy,Standard
90,53,82,Potato,Sandy,Standard
67,42,82,Potato,Sandy,Standard
85,57,91,Potato,Sandy,Standard
93,48,100,Potato,Loamy,Standard
96,44,82,Potato,Sandy,Standard
98,56,94,Potato,Sandy,Standard
78,58,85,Potato,Loamy,Standard
96,45,82,Potato,Sandy,Standard
90,44,93,Potato,Sandy,Standard
84,42,84,Potato,Sandy,Standard
87,45,77,Potato,Loamy,Standard
88,49,90,Potato,Sandy,Standard
90,52,84,Potato,Loamy,Standard
101,50,97,Potato,Clay,Standard
96,52,88,Potato,Sandy,Standard
84,54,86,Potato,Loamy,Standard
77,42,90,Potato,Loamy,Standard
90,53,93,Potato,Sandy,Standard
73,45,89,Potato,Loamy,Standard
73,46,89,Potato,Clay,Standard
90,51,83,Potato,Sandy,Standard
83,51,85,Potato,Loamy,Standard
78,51,92,Potato,Sandy,Standard
101,44,94,Potato,Sandy,Standard
87,52,94,Potato,Loamy,Standard
89,44,89,Potato,Clay,Standard
73,50,100,Potato,Sandy,Standard
90,54,86,Potato,Sandy,Standard
67,57,82,Potato,Sandy,Standard
87,52,91,Potato,Sandy,Standard
74,52,100,Potato,Sandy,Standard
76,50,90,Potato,Sandy,Standard
94,50,86,Potato,Sandy,Standard
94,45,94,Potato,Loamy,Standard
80,52,97,Potato,Sandy,Standard
93,53,88,Potato,Sandy,Standard
77,53,94,Potato,Loamy,Standard
85,49,85,Potato,Sandy,Standard
110,48,88,Potato,Sandy,Standard
83,43,81,Potato,Loamy,Standard
71,55,86,Potato,Loamy,Standard
97,56,83,Potato,Sandy,Standard
90,45,87,Potato,Clay,Standard
96,42,99,Potato,Loamy,Standard
106,50,85,Potato,Loamy,Standard
76,57,87,Potato,Sandy,Standard
75,49,83,Potato,Sandy,Standard
93,48,92,Potato,Sandy,Standard
63,50,92,Potato,Sandy,Standard
94,55,93,Potato,Loamy,Standard
72,51,87,Potato,Sandy,Standard
89,53,77,Potato,Sandy,Standard
79,44,93,Potato,Loamy,Standard
78,48,95,Potato,Sandy,Standard
101,45,87,Potato,Sandy,Standard
94,57,81,Potato,Loamy,Standard
90,45,85,Potato,Loamy,Standard
95,52,90,Potato,Sandy,Standard
96,42,95,Potato,Loamy,Standard
80,50,85,Potato,Loamy,Standard
96,49,92,Potato,Loamy,Standard
98,54,89,Potato,Loamy,Standard
96,52,94,Potato,Sandy,Standard
83,43,83,Potato,Clay,Standard
94,53,92,Potato,Clay,Standard
106,38,89,Potato,Sandy,Standard
96,54,88,Potato,Loamy,Standard
89,49,92,Potato,Sandy,Standard
98,52,92,Potato,Sandy,Standard
90,59,90,Potato,Loamy,Standard
94,47,79,Potato,Sandy,Standard
100,44,84,Potato,Loamy,Standard
100,53,93,Potato,Loamy,Standard
76,50,86,Potato,Sandy,Standard
79,43,82,Potato,Loamy,Standard
101,46,89,Potato,Loamy,Standard
84,41,84,Potato,Sandy,Standard
102,52,89,Potato,Loamy,Standard
101,57,88,Potato,Loamy,Standard
76,48,87,Potato,Sandy,Standard
93,49,90,Potato,Sandy,Standard
82,57,86,Potato,Loamy,Standard
71,45,82,Potato,Sandy,Standard
83,41,89,Potato,Sandy,Standard
92,50,86,Potato,Sandy,Standard
91,49,90,Potato,Sandy,Standard
106,56,83,Potato,Sandy,Standard
98,55,95,Potato,Loamy,Standard
78,45,95,Potato,Clay,Standard
92,48,91,Potato,Loamy,Standard
100,55,88,Potato,Loamy,Standard
89,48,81,Potato,Clay,Standard
101,48,92,Potato,Clay,Standard
79,45,89,Potato,Loamy,Standard
88,54,87,Potato,Loamy,Standard
73,50,89,Potato,Loamy,Standard
77,53,87,Potato,Sandy,Standard
92,51,92,Potato,Sandy,Standard
82,46,85,Potato,Sandy,Standard
81,58,88,Potato,Loamy,Standard
84,51,92,Potato,Clay,Standard
94,42,91,Potato,Loamy,Standard
98,54,86,Potato,Sandy,Standard
90,50,93,Potato,Loamy,Standard
82,43,91,Potato,Loamy,Standard
97,60,86,Potato,Sandy,Standard
83,58,99,Potato,Clay,Standard
82,47,81,Potato,Sandy,Standard
90,40,89,Potato,Clay,Standard
83,51,88,Potato,Sandy,Standard
77,54,88,Potato,Sandy,Standard
87,52,84,Potato,Loamy,Standard
95,54,88,Potato,Sandy,Standard
83,50,81,Potato,Loamy,Standard
76,43,92,Potato,Sandy,Standard
95,44,83,Potato,Loamy,Standard
87,45,90,Potato,Sandy,Standard
119,52,94,Potato,Loamy,Standard
94,53,100,Potato,Sandy,Standard
78,45,92,Potato,Loamy,Standard
85,48,94,Potato,Loamy,Standard
99,48,92,Potato,Sandy,Standard
87,48,102,Potato,Sandy,Standard
94,49,87,Potato,Sandy,Standard
100,60,82,Potato,Loamy,Standard
71,55,95,Potato,Sandy,Standard
63,50,91,Potato,Loamy,Standard
99,51,85,Potato,Sandy,Standard
81,47,85,Potato,Sandy,Standard
96,49,90,Potato,Loamy,Standard
87,49,103,Potato,Loamy,Standard
78,44,94,Potato,Sandy,Standard
92,58,91,Potato,Loamy,Standard
93,39,89,Potato,Loamy,Standard
76,48,85,Potato,Sandy,Standard
89,48,94,Potato,Loamy,Standard
83,51,96,Potato,Sandy,Standard
85,44,86,Potato,Sandy,Standard
83,49,86,Potato,Loamy,Standard
67,56,94,Potato,Sandy,Standard
96,44,88,Potato,Loamy,Standard
89,51,97,Potato,Sandy,Standard
94,57,93,Potato,Loamy,Standard
97,44,90,Potato,Loamy,Standard
104,53,87,Potato,Loamy,Standard
85,51,91,Potato,Loamy,Standard
106,55,90,Potato,Loamy,Standard
99,49,83,Potato,Loamy,Standard
81,46,84,Potato,Sandy,Standard
82,54,89,Potato,Loamy,Standard
80,57,92,Potato,Loamy,Standard
100,54,84,Potato,Sandy,Standard
91,52,84,Potato,Sandy,Standard
81,44,93,Potato,Loamy,Standard
98,43,92,Potato,Loamy,Standard
96,45,97,Potato,Sandy,Standard
93,42,90,Potato,Sandy,Standard
87,53,88,Potato,Clay,Standard
93,51,92,Potato,Sandy,Standard
74,55,85,Potato,Loamy,Standard
79,48,89,Potato,Loamy,Standard
88,40,93,Potato,Loamy,Standard
96,56,91,Potato,Loamy,Standard
100,54,91,Potato,Loamy,Standard
91,50,88,Potato,Loamy,Standard
105,43,87,Potato,Loamy,Standard
93,39,93,Potato,Loamy,Standard
98,49,86,Potato,Loamy,Standard
79,57,99,Potato,Loamy,Standard
90,43,94,Potato,Sandy,Standard
102,58,92,Potato,Sandy,Standard
81,54,92,Potato,Sandy,Standard
105,54,92,Potato,Clay,Standard
94,45,105,Potato,Sandy,Standard
92,44,91,Potato,Loamy,Standard
87,41,95,Potato,Sandy,Standard
89,47,90,Potato,Loamy,Standard
82,51,93,Potato,Sandy,Standard
96,45,94,Potato,Clay,Standard
83,51,90,Potato,Sandy,Standard
84,49,88,Potato,Sandy,Standard
82,46,86,Potato,Sandy,Standard
85,48,88,Potato,Clay,Standard
87,41,87,Potato,Loamy,Standard
77,44,87,Potato,Sandy,Standard
86,56,84,Potato,Sandy,Standard
95,47,87,Potato,Loamy,Standard
80,40,89,Potato,Loamy,Standard
86,51,90,Potato,Sandy,Standard
116,42,93,Potato,Sandy,Standard
89,45,94,Potato,Sandy,Standard
84,44,78,Potato,Loamy,Standard
108,54,92,Potato,Sandy,Standard
93,56,90,Potato,Clay,Standard
87,54,89,Potato,Loamy,Standard
75,33,82,Potato,Loamy,Standard
99,48,81,Potato,Sandy,Standard
80,47,91,Potato,Sandy,Standard
109,58,101,Potato,Sandy,Standard
88,39,94,Potato,Loamy,Standard
92,44,87,Potato,Sandy,Standard
81,52,87,Potato,Sandy,Standard
78,51,96,Potato,Sandy,Standard
84,50,85,Potato,Loamy,Standard
84,52,84,Potato,Sandy,Standard
96,48,92,Potato,Sandy,Standard
95,56,86,Potato,Sandy,Standard
94,46,88,Potato,Sandy,Standard
80,46,91,Potato,Sandy,Standard
88,57,88,Potato,Sandy,Standard
62,47,87,Potato,Loamy,Standard
103,47,84,Potato,Loamy,Standard
97,51,92,Potato,Sandy,Standard
129,50,87,Potato,Sandy,Standard
87,51,89,Potato,Sandy,Standard
85,51,85,Potato,Sandy,Standard
85,44,87,Potato,Loamy,Standard
102,51,87,Potato,Sandy,Standard
96,59,89,Potato,Sandy,Standard
96,57,90,Potato,Sandy,Standard
88,49,90,Potato,Clay,Standard
92,53,82,Potato,Loamy,Standard
98,47,85,Potato,Sandy,Standard
99,54,95,Potato,Loamy,Standard
83,48,81,Potato,Sandy,Standard
86,47,84,Potato,Clay,Standard
93,44,90,Potato,Sandy,Standard
60,60,88,Potato,Loamy,Standard
94,57,85,Potato,Sandy,Standard
107,48,92,Potato,Loamy,Standard
81,46,87,Potato,Sandy,Standard
79,51,98,Potato,Sandy,Standard
70,49,83,Potato,Sandy,Standard
109,50,84,Potato,Clay,Standard
102,45,92,Potato,Loamy,Standard
91,59,94,Potato,Loamy,Standard
73,45,89,Potato,Loamy,Standard
90,44,89,Potato,Clay,Standard
105,53,90,Potato,Loamy,Standard
87,41,92,Potato,Clay,Standard
70,45,87,Potato,Sandy,Standard
108,42,93,Potato,Loamy,Standard
100,47,89,Potato,Sandy,Standard
103,55,87,Potato,Sandy,Standard
74,35,87,Potato,Sandy,Standard
95,52,92,Potato,Sandy,Standard
71,48,90,Potato,Loamy,Standard
94,49,87,Potato,Sandy,Standard
94,45,90,Potato,Loamy,Standard
94,49,86,Potato,Sandy,Standard
96,50,87,Potato,Sandy,Standard
92,39,95,Potato,Loamy,Standard
94,55,83,Potato,Sandy,Standard
82,44,81,Potato,Loamy,Standard
84,51,83,Potato,Sandy,Standard
86,44,88,Potato,Loamy,Standard
74,51,98,Potato,Clay,Standard
90,51,88,Potato,Clay,Standard
92,53,83,Potato,Loamy,Standard
107,59,91,Potato,Sandy,Standard
97,52,91,Potato,Loamy,Standard
87,48,95,Potato,Sandy,Standard
88,51,89,Potato,Loamy,Standard
102,53,81,Potato,Sandy,Standard
89,52,85,Potato,Loamy,Standard
102,56,87,Potato,Sandy,Standard
106,55,86,Potato,Clay,Standard
93,52,84,Potato,Sandy,Standard
94,40,84,Potato,Sandy,Standard
87,57,87,Potato,Loamy,Standard
88,46,95,Potato,Sandy,Standard
106,48,87,Potato,Loamy,Standard
88,53,80,Potato,Sandy,Standard
103,49,90,Potato,Loamy,Standard
89,49,81,Potato,Clay,Standard
104,41,91,Potato,Loamy,Standard
94,48,94,Potato,Sandy,Standard
68,56,88,Potato,Loamy,Standard
82,46,89,Potato,Sandy,Standard
81,53,86,Potato,Sandy,Standard
60,48,84,Potato,Loamy,Standard
73,51,84,Potato,Loamy,Standard
83,52,87,Potato,Sandy,Standard
83,58,85,Potato,Sandy,Standard
89,47,85,Potato,Loamy,Standard
96,52,88,Potato,Loamy,Standard
79,46,82,Potato,Loamy,Standard
84,52,94,Potato,Loamy,Standard
78,48,86,Potato,Loamy,Standard
103,48,88,Potato,Clay,Standard
98,59,87,Potato,Sandy,Standard
97,43,98,Potato,Sandy,Standard
97,40,88,Potato,Clay,Standard
94,54,92,Potato,Loamy,Standard
80,46,86,Potato,Loamy,Standard
98,47,94,Potato,Loamy,Standard
106,57,93,Potato,Sandy,Standard
107,54,86,Potato,Sandy,Standard
79,53,96,Potato,Sandy,Standard
96,55,91,Potato,Sandy,Standard
81,56,93,Potato,Sandy,Standard
89,48,89,Potato,Sandy,Standard
79,59,83,Potato,Sandy,Standard
91,51,90,Potato,Sandy,Standard
91,54,90,Potato,Sandy,Standard
118,50,86,Potato,Sandy,Standard
88,53,92,Potato,Sandy,Standard
82,59,91,Potato,Clay,Standard
96,55,91,Potato,Sandy,Standard
91,53,84,Potato,Loamy,Standard
87,50,85,Potato,Loamy,Standard
101,40,93,Potato,Sandy,Standard
92,53,88,Potato,Loamy,Standard
81,48,91,Potato,Sandy,Standard
80,56,95,Potato,Clay,Standard
91,53,103,Potato,Sandy,Standard
68,54,82,Potato,Sandy,Standard
105,48,86,Potato,Sandy,Standard
104,37,96,Potato,Sandy,Standard
93,45,81,Potato,Loamy,Standard
78,55,91,Potato,Sandy,Standard
80,58,93,Potato,Loamy,Standard
95,51,98,Potato,Loamy,Standard
89,47,81,Potato,Loamy,Standard
86,52,89,Potato,Loamy,Standard
80,45,90,Potato,Sandy,Standard
91,45,82,Potato,Loamy,Standard
92,59,89,Potato,Sandy,Standard
99,42,97,Potato,Sandy,Standard
95,47,100,Potato,Sandy,Standard
95,58,93,Potato,Sandy,Standard
87,48,89,Potato,Loamy,Standard
79,56,85,Potato,Loamy,Standard
106,38,84,Potato,Clay,Standard
84,48,92,Potato,Sandy,Standard
90,49,87,Potato,Loamy,Standard
94,45,84,Potato,Sandy,Standard
73,48,94,Potato,Sandy,Standard
82,59,87,Potato,Loamy,Standard
91,50,92,Potato,Clay,Standard
89,44,97,Potato,Sandy,Standard
108,45,88,Potato,Sandy,Standard
95,46,100,Potato,Loamy,Standard
101,40,94,Potato,Loamy,Standard
81,50,94,Potato,Sandy,Standard
91,46,87,Potato,Sandy,Standard
109,43,92,Potato,Loamy,Standard
104,49,85,Potato,Loamy,Standard
94,52,90,Potato,Sandy,Standard
89,52,85,Potato,Sandy,Standard
94,37,93,Potato,Loamy,Standard
91,56,89,Potato,Clay,Standard
83,47,99,Potato,Sandy,Standard
81,50,87,Potato,Clay,Standard
77,47,86,Potato,Loamy,Standard
89,51,96,Potato,Sandy,Standard
92,56,92,Potato,Loamy,Standard
101,42,98,Potato,Clay,Standard
112,54,92,Potato,Loamy,Standard
77,57,92,Potato,Loamy,Standard
96,44,89,Potato,Sandy,Standard
81,47,87,Potato,Sandy,Standard
88,47,75,Potato,Sandy,Standard
110,49,90,Potato,Loamy,Standard
106,59,90,Potato,Clay,Standard
100,60,92,Potato,Sandy,Standard
85,48,89,Potato,Sandy,Standard
89,41,90,Potato,Sandy,Standard
99,39,95,Potato,Sandy,Standard
103,36,88,Potato,Sandy,Standard
79,47,97,Potato,Sandy,Standard
96,43,87,Potato,Sandy,Standard
94,47,92,Potato,Sandy,Standard
109,45,83,Potato,Loamy,Standard
90,50,87,Potato,Sandy,Standard
76,47,95,Potato,Loamy,Standard
107,41,92,Potato,Loamy,Standard
94,50,88,Potato,Sandy,Standard
102,38,92,Potato,Clay,Standard
65,51,85,Potato,Sandy,Standard
84,44,89,Potato,Sandy,Standard
110,55,81,Potato,Loamy,Standard
88,43,100,Potato,Sandy,Standard
105,56,86,Potato,Loamy,Standard
98,44,96,Potato,Loamy,Standard
93,48,102,Potato,Sandy,Standard
84,42,91,Potato,Sandy,Standard
115,49,88,Potato,Sandy,Standard
96,50,89,Potato,Sandy,Standard
77,54,100,Potato,Sandy,Standard
99,50,91,Potato,Loamy,Standard
100,56,91,Potato,Sandy,Standard
93,50,83,Potato,Sandy,Standard
92,46,86,Potato,Sandy,Standard
111,56,99,Potato,Sandy,Standard
77,42,90,Potato,Sandy,Standard
102,48,95,Potato,Clay,Standard
96,49,94,Potato,Loamy,Standard
102,55,85,Potato,Loamy,Standard
100,48,92,Potato,Sandy,Standard
110,50,93,Potato,Loamy,Standard
82,45,81,Potato,Sandy,Standard
90,50,89,Potato,Loamy,Standard
93,53,95,Potato,Clay,Standard
80,48,95,Potato,Loamy,Standard
98,50,82,Potato,Sandy,Standard
108,45,85,Potato,Sandy,Standard
97,45,86,Potato,Loamy,Standard
87,53,92,Potato,Loamy,Standard
92,42,84,Potato,Sandy,Standard
80,49,85,Potato,Loamy,Standard
78,48,93,Potato,Loamy,Standard
94,52,92,Potato,Clay,Standard
81,44,96,Potato,Loamy,Standard
91,61,88,Potato,Loamy,Standard
82,49,91,Potato,Loamy,Standard
97,52,89,Potato,Loamy,Standard
93,52,86,Potato,Loamy,Standard
78,54,89,Potato,Sandy,Standard
90,48,99,Potato,Loamy,Standard
78,48,90,Potato,Sandy,Standard
102,50,99,Potato,Loamy,Standard
102,49,92,Potato,Sandy,Standard
98,52,94,Potato,Loamy,Standard
98,48,87,Potato,Sandy,Standard
93,50,90,Potato,Loamy,Standard
80,45,89,Potato,Loamy,Standard
93,44,88,Potato,Sandy,Standard
94,50,82,Potato,Sandy,Standard
76,36,94,Potato,Loamy,Standard
122,61,89,Potato,Loamy,Standard
88,42,98,Potato,Sandy,Standard
83,52,92,Potato,Sandy,Standard
100,41,88,Potato,Loamy,Standard
69,50,93,Potato,Sandy,Standard
88,42,87,Potato,Sandy,Standard
82,52,91,Potato,Sandy,Standard
91,50,84,Potato,Sandy,Standard
104,42,87,Potato,Sandy,Standard
93,49,87,Potato,Loamy,Standard
83,40,90,Potato,Loamy,Standard
110,48,97,Potato,Clay,Standard
93,49,85,Potato,Loamy,Standard
98,51,87,Potato,Sandy,Standard
96,47,95,Potato,Sandy,Standard
85,44,86,Potato,Sandy,Standard
72,52,80,Potato,Loamy,Standard
77,49,94,Potato,Sandy,Standard
88,48,84,Potato,Sandy,Standard
78,48,91,Potato,Loamy,Standard
91,56,92,Potato,Sandy,Standard
85,57,90,Potato,Clay,Standard
88,51,85,Potato,Sandy,Standard
79,54,78,Potato,Sandy,Standard
81,52,90,Potato,Loamy,Standard
70,53,96,Potato,Sandy,Standard
71,48,32,Rice,Clay,Standard
62,46,39,Rice,Clay,Standard
76,40,36,Rice,Silt,Standard
82,55,35,Rice,Clay,Standard
68,50,41,Rice,Clay,Standard
84,39,33,Rice,Loamy,Standard
70,45,42,Rice,Clay,Standard
83,45,36,Rice,Clay,Standard
89,38,43,Rice,Clay,Standard
88,44,39,Rice,Clay,Standard
74,50,42,Rice,Clay,Standard
68,40,41,Rice,Clay,Standard
66,51,34,Rice,Clay,Standard
78,44,36,Rice,Silt,Standard
79,46,36,Rice,Silt,Standard
72,51,34,Rice,Clay,Standard
81,53,32,Rice,Clay,Standard
81,45,39,Rice,Clay,Standard
72,54,41,Rice,Clay,Standard
82,45,31,Rice,Clay,Standard
83,48,30,Rice,Silt,Standard
71,43,26,Rice,Clay,Standard
81,52,40,Rice,Clay,Standard
85,54,36,Rice,Clay,Standard
93,51,39,Rice,Clay,Standard
83,46,35,Rice,Loamy,Standard
96,45,42,Rice,Clay,Standard
65,49,43,Rice,Clay,Standard
90,42,31,Rice,Silt,Standard
79,41,27,Rice,Loamy,Standard
98,48,36,Rice,Clay,Standard
63,52,33,Rice,Loamy,Standard
68,48,40,Rice,Loamy,Standard
95,35,40,Rice,Loamy,Standard
76,42,38,Rice,Clay,Standard
92,54,37,Rice,Clay,Standard
85,50,36,Rice,Clay,Standard
67,49,44,Rice,Loamy,Standard
74,43,37,Rice,Clay,Standard
77,50,40,Rice,Clay,Standard
80,52,35,Rice,Clay,Standard
83,63,42,Rice,Loamy,Standard
76,40,38,Rice,Loamy,Standard
80,47,37,Rice,Clay,Standard
85,40,42,Rice,Clay,Standard
96,34,38,Rice,Clay,Standard
85,44,44,Rice,Clay,Standard
72,50,31,Rice,Clay,Standard
59,47,29,Rice,Silt,Standard
76,47,36,Rice,Loamy,Standard
71,47,37,Rice,Loamy,Standard
84,46,31,Rice,Clay,Standard
75,51,37,Rice,Loamy,Standard
65,48,34,Rice,Clay,Standard
79,43,35,Rice,Clay,Standard
86,47,35,Rice,Clay,Standard
61,52,34,Rice,Clay,Standard
76,48,36,Rice,Silt,Standard
95,52,40,Rice,Clay,Standard
65,57,37,Rice,Clay,Standard
85,46,37,Rice,Silt,Standard
73,53,45,Rice,Clay,Standard
89,44,40,Rice,Clay,Standard
108,56,31,Rice,Clay,Standard
84,48,33,Rice,Clay,Standard
82,44,42,Rice,Loamy,Standard
87,49,33,Rice,Clay,Standard
83,52,41,Rice,Clay,Standard
85,43,31,Rice,Loamy,Standard
78,46,36,Rice,Clay,Standard
76,45,39,Rice,Clay,Standard
73,45,37,Rice,Clay,Standard
93,46,40,Rice,Clay,Standard
80,46,38,Rice,Silt,Standard
69,56,37,Rice,Clay,Standard
82,53,40,Rice,Silt,Standard
85,43,37,Rice,Clay,Standard
80,41,33,Rice,Silt,Standard
93,53,37,Rice,Loamy,Standard
82,54,36,Rice,Clay,Standard
91,42,43,Rice,Clay,Standard
64,42,40,Rice,Clay,Standard
77,35,35,Rice,Clay,Standard
69,48,35,Rice,Loamy,Standard
83,40,34,Rice,Loamy,Standard
97,48,27,Rice,Clay,Standard
90,55,37,Rice,Silt,Standard
76,47,27,Rice,Silt,Standard
86,57,38,Rice,Clay,Standard
83,32,35,Rice,Silt,Standard
74,49,37,Rice,Clay,Standard
91,33,42,Rice,Loamy,Standard
85,44,35,Rice,Silt,Standard
80,35,37,Rice,Clay,Standard
75,52,36,Rice,Clay,Standard
77,46,43,Rice,Clay,Standard
75,41,36,Rice,Silt,Standard
84,39,37,Rice,Loamy,Standard
98,45,38,Rice,Clay,Standard
74,46,33,Rice,Loamy,Standard
75,47,38,Rice,Clay,Standard
82,36,47,Rice,Clay,Standard
90,37,26,Rice,Clay,Standard
85,37,39,Rice,Clay,Standard
81,43,39,Rice,Clay,Standard
51,43,36,Rice,Clay,Standard
87,35,37,Rice,Clay,Standard
85,45,31,Rice,Loamy,Standard
83,36,28,Rice,Clay,Standard
88,63,37,Rice,Clay,Standard
98,50,38,Rice,Loamy,Standard
80,55,35,Rice,Clay,Standard
64,40,42,Rice,Clay,Standard
76,49,42,Rice,Clay,Standard
74,51,37,Rice,Clay,Standard
64,29,39,Rice,Silt,Standard
90,48,38,Rice,Loamy,Standard
69,57,39,Rice,Clay,Standard
79,41,41,Rice,Clay,Standard
77,42,32,Rice,Loamy,Standard
79,50,38,Rice,Loamy,Standard
60,53,34,Rice,Clay,Standard
78,44,32,Rice,Clay,Standard
69,41,35,Rice,Clay,Standard
79,49,45,Rice,Silt,Standard
64,52,33,Rice,Loamy,Standard
72,48,35,Rice,Clay,Standard
81,42,40,Rice,Loamy,Standard
65,46,42,Rice,Clay,Standard
64,45,34,Rice,Clay,Standard
75,38,33,Rice,Clay,Standard
87,49,37,Rice,Silt,Standard
73,52,36,Rice,Clay,Standard
75,57,37,Rice,Loamy,Standard
75,53,33,Rice,Clay,Standard
91,36,34,Rice,Loamy,Standard
72,53,35,Rice,Clay,Standard
89,53,41,Rice,Silt,Standard
86,40,40,Rice,Clay,Standard
81,50,43,Rice,Clay,Standard
59,45,41,Rice,Clay,Standard
81,49,46,Rice,Clay,Standard
79,37,33,Rice,Clay,Standard
74,40,34,Rice,Clay,Standard
84,51,38,Rice,Loamy,Standard
76,44,38,Rice,Loamy,Standard
82,54,35,Rice,Clay,Standard
100,48,36,Rice,Clay,Standard
62,44,33,Rice,Loamy,Standard
81,44,39,Rice,Clay,Standard
56,60,38,Rice,Loamy,Standard
72,50,41,Rice,Clay,Standard
73,44,34,Rice,Silt,Standard
65,54,38,Rice,Loamy,Standard
83,44,40,Rice,Clay,Standard
66,49,36,Rice,Clay,Standard
90,53,39,Rice,Loamy,Standard
90,49,34,Rice,Silt,Standard
78,52,37,Rice,Loamy,Standard
76,45,44,Rice,Clay,Standard
69,31,38,Rice,Clay,Standard
86,42,37,Rice,Silt,Standard
76,33,42,Rice,Loamy,Standard
69,41,40,Rice,Clay,Standard
83,42,37,Rice,Loamy,Standard
75,46,41,Rice,Clay,Standard
82,43,35,Rice,Clay,Standard
86,49,31,Rice,Clay,Standard
85,51,30,Rice,Clay,Standard
72,48,36,Rice,Clay,Standard
75,44,41,Rice,Clay,Standard
82,48,35,Rice,Loamy,Standard
68,39,31,Rice,Clay,Standard
86,52,42,Rice,Clay,Standard
88,54,35,Rice,Clay,Standard
68,49,34,Rice,Loamy,Standard
81,49,38,Rice,Loamy,Standard
92,51,41,Rice,Loamy,Standard
75,52,32,Rice,Silt,Standard
90,47,35,Rice,Clay,Standard
71,50,37,Rice,Silt,Standard
64,44,36,Rice,Loamy,Standard
88,47,38,Rice,Clay,Standard
70,50,34,Rice,Clay,Standard
71,54,29,Rice,Silt,Standard
68,41,33,Rice,Clay,Standard
64,50,36,Rice,Loamy,Standard
83,49,34,Rice,Silt,Standard
86,47,33,Rice,Clay,Standard
90,43,36,Rice,Clay,Standard
78,41,35,Rice,Clay,Standard
83,40,39,Rice,Clay,Standard
75,54,39,Rice,Loamy,Standard
100,53,43,Rice,Clay,Standard
79,44,38,Rice,Loamy,Standard
89,54,41,Rice,Silt,Standard
87,43,38,Rice,Silt,Standard
76,57,32,Rice,Clay,Standard
61,43,38,Rice,Clay,Standard
85,46,36,Rice,Silt,Standard
93,52,40,Rice,Clay,Standard
70,56,32,Rice,Clay,Standard
74,51,33,Rice,Clay,Standard
97,45,39,Rice,Loamy,Standard
88,39,42,Rice,Clay,Standard
80,44,34,Rice,Clay,Standard
88,43,34,Rice,Clay,Standard
77,47,37,Rice,Clay,Standard
74,52,38,Rice,Silt,Standard
70,55,37,Rice,Clay,Standard
90,53,35,Rice,Loamy,Standard
69,46,35,Rice,Clay,Standard
79,48,36,Rice,Loamy,Standard
92,53,38,Rice,Clay,Standard
96,55,33,Rice,Clay,Standard
77,42,34,Rice,Loamy,Standard
80,34,42,Rice,Clay,Standard
74,40,46,Rice,Clay,Standard
79,46,35,Rice,Loamy,Standard
97,51,35,Rice,Clay,Standard
73,42,41,Rice,Clay,Standard
84,51,36,Rice,Loamy,Standard
73,29,39,Rice,Clay,Standard
67,47,38,Rice,Clay,Standard
88,48,36,Rice,Loamy,Standard
93,46,47,Rice,Clay,Standard
63,46,36,Rice,Silt,Standard
86,61,39,Rice,Clay,Standard
76,41,38,Rice,Clay,Standard
71,43,40,Rice,Clay,Standard
87,46,35,Rice,Clay,Standard
96,39,41,Rice,Clay,Standard
84,40,40,Rice,Loamy,Standard
70,53,43,Rice,Loamy,Standard
77,43,43,Rice,Loamy,Standard
73,43,34,Rice,Clay,Standard
65,44,37,Rice,Clay,Standard
82,45,38,Rice,Clay,Standard
85,55,37,Rice,Clay,Standard
75,55,35,Rice,Loamy,Standard
85,46,42,Rice,Clay,Standard
75,50,39,Rice,Clay,Standard
84,49,37,Rice,Clay,Standard
79,48,33,Rice,Clay,Standard
87,48,41,Rice,Clay,Standard
85,34,45,Rice,Clay,Standard
82,44,43,Rice,Clay,Standard
80,50,33,Rice,Clay,Standard
82,53,34,Rice,Loamy,Standard
80,52,35,Rice,Loamy,Standard
80,50,43,Rice,Clay,Standard
77,59,45,Rice,Clay,Standard
91,45,36,Rice,Loamy,Standard
75,49,35,Rice,Clay,Standard
65,55,35,Rice,Loamy,Standard
87,52,33,Rice,Loamy,Standard
70,49,33,Rice,Loamy,Standard
77,44,38,Rice,Clay,Standard
86,47,28,Rice,Loamy,Standard
87,27,34,Rice,Clay,Standard
82,49,31,Rice,Clay,Standard
70,38,39,Rice,Loamy,Standard
59,46,36,Rice,Silt,Standard
76,41,35,Rice,Clay,Standard
84,35,29,Rice,Clay,Standard
87,46,38,Rice,Clay,Standard
77,37,34,Rice,Loamy,Standard
86,47,36,Rice,Loamy,Standard
87,35,39,Rice,Clay,Standard
71,45,39,Rice,Loamy,Standard
93,42,39,Rice,Clay,Standard
77,47,32,Rice,Clay,Standard
79,49,37,Rice,Clay,Standard
87,53,42,Rice,Silt,Standard
88,40,39,Rice,Clay,Standard
86,42,35,Rice,Clay,Standard
93,43,34,Rice,Clay,Standard
80,46,34,Rice,Silt,Standard
91,50,29,Rice,Clay,Standard
74,49,38,Rice,Clay,Standard
53,63,39,Rice,Clay,Standard
81,43,37,Rice,Clay,Standard
88,53,37,Rice,Clay,Standard
78,40,34,Rice,Clay,Standard
79,36,38,Rice,Clay,Standard
79,44,38,Rice,Loamy,Standard
110,56,32,Rice,Clay,Standard
82,52,31,Rice,Clay,Standard
73,53,41,Rice,Loamy,Standard
93,48,38,Rice,Clay,Standard
86,44,34,Rice,Silt,Standard
96,43,38,Rice,Silt,Standard
71,39,35,Rice,Clay,Standard
78,45,33,Rice,Clay,Standard
86,51,36,Rice,Clay,Standard
69,49,35,Rice,Loamy,Standard
75,40,38,Rice,Clay,Standard
71,55,30,Rice,Silt,Standard
67,48,41,Rice,Loamy,Standard
76,53,38,Rice,Loamy,Standard
96,49,39,Rice,Clay,Standard
94,51,40,Rice,Clay,Standard
67,46,41,Rice,Loamy,Standard
58,53,39,Rice,Clay,Standard
80,55,41,Rice,Clay,Standard
65,61,41,Rice,Loamy,Standard
72,39,36,Rice,Loamy,Standard
84,57,38,Rice,Loamy,Standard
83,38,36,Rice,Silt,Standard
90,40,36,Rice,Clay,Standard
78,49,35,Rice,Loamy,Standard
77,53,34,Rice,Clay,Standard
95,46,33,Rice,Clay,Standard
59,50,29,Rice,Loamy,Standard
83,33,33,Rice,Clay,Standard
88,48,38,Rice,Clay,Standard
77,47,38,Rice,Clay,Standard
103,43,36,Rice,Clay,Standard
78,51,35,Rice,Clay,Standard
79,49,44,Rice,Clay,Standard
88,42,35,Rice,Clay,Standard
75,41,34,Rice,Loamy,Standard
90,50,34,Rice,Clay,Standard
78,47,38,Rice,Loamy,Standard
80,46,37,Rice,Silt,Standard
74,47,39,Rice,Clay,Standard
81,49,37,Rice,Clay,Standard
72,32,31,Rice,Clay,Standard
69,44,42,Rice,Loamy,Standard
80,50,36,Rice,Silt,Standard
87,50,40,Rice,Clay,Standard
103,45,31,Rice,Loamy,Standard
96,49,39,Rice,Clay,Standard
63,56,35,Rice,Loamy,Standard
59,47,41,Rice,Loamy,Standard
78,46,38,Rice,Loamy,Standard
67,40,40,Rice,Clay,Standard
80,53,36,Rice,Clay,Standard
76,39,40,Rice,Loamy,Standard
77,49,37,Rice,Clay,Standard
68,46,39,Rice,Loamy,Standard
64,57,37,Rice,Clay,Standard
70,48,37,Rice,Clay,Standard
69,48,35,Rice,Clay,Standard
79,50,37,Rice,Loamy,Standard
72,51,36,Rice,Clay,Standard
66,58,37,Rice,Clay,Standard
76,49,37,Rice,Clay,Standard
72,47,41,Rice,Loamy,Standard
85,47,40,Rice,Clay,Standard
69,48,35,Rice,Loamy,Standard
105,51,37,Rice,Clay,Standard
96,43,31,Rice,Clay,Standard
88,45,33,Rice,Clay,Standard
86,43,36,Rice,Clay,Standard
79,51,40,Rice,Silt,Standard
84,52,38,Rice,Clay,Standard
84,51,35,Rice,Loamy,Standard
73,43,35,Rice,Clay,Standard
85,44,41,Rice,Loamy,Standard
89,48,37,Rice,Loamy,Standard
77,46,41,Rice,Loamy,Standard
85,44,34,Rice,Clay,Standard
79,40,37,Rice,Clay,Standard
82,34,37,Rice,Loamy,Standard
80,41,42,Rice,Clay,Standard
72,40,38,Rice,Clay,Standard
67,56,33,Rice,Clay,Standard
66,35,37,Rice,Clay,Standard
80,50,38,Rice,Clay,Standard
90,35,36,Rice,Loamy,Standard
82,42,28,Rice,Clay,Standard
85,43,30,Rice,Clay,Standard
75,50,39,Rice,Clay,Standard
76,44,38,Rice,Clay,Standard
87,36,42,Rice,Loamy,Standard
69,47,37,Rice,Silt,Standard
69,52,36,Rice,Loamy,Standard
82,44,35,Rice,Clay,Standard
68,43,38,Rice,Clay,Standard
109,40,35,Rice,Loamy,Standard
84,50,44,Rice,Loamy,Standard
69,45,38,Rice,Loamy,Standard
100,51,36,Rice,Clay,Standard
78,42,40,Rice,Clay,Standard
86,45,39,Rice,Clay,Standard
88,50,33,Rice,Clay,Standard
74,37,35,Rice,Clay,Standard
75,42,31,Rice,Clay,Standard
100,50,38,Rice,Loamy,Standard
91,42,41,Rice,Clay,Standard
74,49,41,Rice,Clay,Standard
92,63,33,Rice,Loamy,Standard
86,54,33,Rice,Clay,Standard
65,39,34,Rice,Loamy,Standard
80,51,33,Rice,Loamy,Standard
96,50,32,Rice,Loamy,Standard
93,51,31,Rice,Loamy,Standard
65,41,42,Rice,Silt,Standard
78,60,39,Rice,Silt,Standard
77,45,40,Rice,Loamy,Standard
85,42,36,Rice,Clay,Standard
72,41,36,Rice,Clay,Standard
92,45,35,Rice,Clay,Standard
64,46,36,Rice,Clay,Standard
85,51,37,Rice,Clay,Standard
90,48,38,Rice,Loamy,Standard
79,37,34,Rice,Clay,Standard
74,45,38,Rice,Silt,Standard
91,41,33,Rice,Clay,Standard
74,42,36,Rice,Clay,Standard
87,49,40,Rice,Clay,Standard
62,43,36,Rice,Silt,Standard
96,46,35,Rice,Clay,Standard
60,47,39,Rice,Silt,Standard
83,50,38,Rice,Clay,Standard
74,53,31,Rice,Clay,Standard
70,43,36,Rice,Clay,Standard
78,38,42,Rice,Loamy,Standard
76,36,34,Rice,Clay,Standard
69,47,39,Rice,Clay,Standard
87,50,37,Rice,Silt,Standard
86,44,35,Rice,Loamy,Standard
73,51,36,Rice,Clay,Standard
88,47,42,Rice,Clay,Standard
64,45,32,Rice,Clay,Standard
73,48,37,Rice,Clay,Standard
81,54,31,Rice,Clay,Standard
82,52,30,Rice,Clay,Standard
83,49,32,Rice,Silt,Standard
71,47,31,Rice,Loamy,Standard
91,39,36,Rice,Clay,Standard
72,52,34,Rice,Clay,Standard
86,51,37,Rice,Silt,Standard
74,40,37,Rice,Clay,Standard
68,46,28,Rice,Loamy,Standard
72,36,34,Rice,Clay,Standard
73,39,40,Rice,Clay,Standard
86,43,37,Rice,Clay,Standard
91,43,33,Rice,Clay,Standard
87,46,32,Rice,Silt,Standard
97,59,41,Rice,Clay,Standard
97,40,41,Rice,Clay,Standard
93,46,34,Rice,Clay,Standard
79,51,41,Rice,Clay,Standard
72,53,35,Rice,Loamy,Standard
76,48,43,Rice,Clay,Standard
83,50,36,Rice,Clay,Standard
78,57,36,Rice,Loamy,Standard
79,51,29,Rice,Loamy,Standard
80,47,28,Rice,Silt,Standard
87,38,41,Rice,Clay,Standard
75,53,36,Rice,Clay,Standard
100,43,38,Rice,Clay,Standard
58,57,40,Rice,Loamy,Standard
85,52,37,Rice,Loamy,Standard
75,52,33,Rice,Clay,Standard
54,42,34,Rice,Clay,Standard
81,52,39,Rice,Clay,Standard
82,44,37,Rice,Clay,Standard
85,51,32,Rice,Clay,Standard
64,43,34,Rice,Loamy,Standard
71,43,41,Rice,Clay,Standard
80,46,35,Rice,Loamy,Standard
93,48,36,Rice,Clay,Standard
105,47,37,Rice,Clay,Standard
67,53,43,Rice,Clay,Standard
96,44,40,Rice,Clay,Standard
100,50,35,Rice,Loamy,Standard
93,56,34,Rice,Clay,Standard
79,38,37,Rice,Silt,Standard
90,36,25,Rice,Clay,Standard
73,52,37,Rice,Loamy,Standard
86,44,38,Rice,Loamy,Standard
79,44,36,Rice,Clay,Standard
76,59,33,Rice,Clay,Standard
66,47,44,Rice,Clay,Standard
90,42,42,Rice,Loamy,Standard
73,30,41,Rice,Clay,Standard
95,48,39,Rice,Clay,Standard
91,36,39,Rice,Clay,Standard
77,38,40,Rice,Clay,Standard
77,53,39,Rice,Clay,Standard
82,47,32,Rice,Silt,Standard
86,58,41,Rice,Clay,Standard
80,42,37,Rice,Clay,Standard
83,46,36,Rice,Loamy,Standard
62,47,32,Rice,Loamy,Standard
83,53,34,Rice,Silt,Standard
83,49,35,Rice,Clay,Standard
81,49,34,Rice,Clay,Standard
87,55,39,Rice,Clay,Standard
87,44,26,Rice,Clay,Standard
93,57,39,Rice,Clay,Standard
94,53,36,Rice,Loamy,Standard
80,36,36,Rice,Clay,Standard
90,47,42,Rice,Clay,Standard
73,49,37,Rice,Loamy,Standard
80,38,35,Rice,Loamy,Standard
65,42,40,Rice,Silt,Standard
122,65,83,Sugarcane,Loamy,Standard
140,64,38,Sugarcane,Clay,Standard
141,65,67,Sugarcane,Silt,Standard
135,53,68,Sugarcane,Clay,Standard
129,55,60,Sugarcane,Clay,Standard
125,53,75,Sugarcane,Clay,Standard
140,41,67,Sugarcane,Loamy,Standard
129,57,66,Sugarcane,Silt,Standard
136,49,64,Sugarcane,Clay,Standard
146,50,64,Sugarcane,Loamy,Standard
136,39,72,Sugarcane,Loamy,Standard
142,64,63,Sugarcane,Silt,Standard
140,47,71,Sugarcane,Clay,Standard
143,57,67,Sugarcane,Silt,Standard
144,53,69,Sugarcane,Clay,Standard
120,42,62,Sugarcane,Clay,Standard
135,45,48,Sugarcane,Clay,Standard
137,55,67,Sugarcane,Clay,Standard
150,53,60,Sugarcane,Loamy,Standard
137,64,79,Sugarcane,Clay,Standard
143,47,65,Sugarcane,Loamy,Standard
125,55,64,Sugarcane,Loamy,Standard
136,56,64,Sugarcane,Clay,Standard
130,37,63,Sugarcane,Loamy,Standard
138,47,69,Sugarcane,Clay,Standard
136,62,59,Sugarcane,Clay,Standard
140,58,57,Sugarcane,Clay,Standard
125,49,79,Sugarcane,Silt,Standard
142,42,79,Sugarcane,Clay,Standard
138,50,60,Sugarcane,Loamy,Standard
143,45,68,Sugarcane,Silt,Standard
136,38,67,Sugarcane,Clay,Standard
144,70,63,Sugarcane,Loamy,Standard
145,76,47,Sugarcane,Clay,Standard
123,36,67,Sugarcane,Clay,Standard
141,54,60,Sugarcane,Loamy,Standard
145,50,67,Sugarcane,Loamy,Standard
137,69,48,Sugarcane,Loamy,Standard
116,52,85,Sugarcane,Clay,Standard
137,57,70,Sugarcane,Loamy,Standard
142,48,46,Sugarcane,Loamy,Standard
146,53,58,Sugarcane,Clay,Standard
140,57,56,Sugarcane,Clay,Standard
151,68,57,Sugarcane,Clay,Standard
141,65,63,Sugarcane,Clay,Standard
138,57,69,Sugarcane,Clay,Standard
141,51,50,Sugarcane,Clay,Standard
154,59,56,Sugarcane,Silt,Standard
143,46,53,Sugarcane,Clay,Standard
118,54,74,Sugarcane,Loamy,Standard
130,50,66,Sugarcane,Clay,Standard
135,48,76,Sugarcane,Loamy,Standard
117,51,62,Sugarcane,Loamy,Standard
133,45,72,Sugarcane,Loamy,Standard
134,50,60,Sugarcane,Clay,Standard
133,57,58,Sugarcane,Clay,Standard
143,48,74,Sugarcane,Loamy,Standard
130,60,55,Sugarcane,Clay,Standard
115,65,70,Sugarcane,Loamy,Standard
124,44,61,Sugarcane,Clay,Standard
117,52,63,Sugarcane,Clay,Standard
147,63,62,Sugarcane,Loamy,Standard
124,63,65,Sugarcane,Clay,Standard
150,70,64,Sugarcane,Clay,Standard
138,62,58,Sugarcane,Loamy,Standard
136,35,64,Sugarcane,Loamy,Standard
145,54,74,Sugarcane,Clay,Standard
144,42,57,Sugarcane,Loamy,Standard
146,46,74,Sugarcane,Clay,Standard
141,56,57,Sugarcane,Silt,Standard
122,48,70,Sugarcane,Loamy,Standard
141,56,58,Sugarcane,Loamy,Standard
130,49,65,Sugarcane,Loamy,Standard
116,48,74,Sugarcane,Loamy,Standard
152,71,55,Sugarcane,Clay,Standard
147,52,61,Sugarcane,Loamy,Standard
144,61,60,Sugarcane,Loamy,Standard
151,45,61,Sugarcane,Clay,Standard
141,55,59,Sugarcane,Loamy,Standard
148,56,65,Sugarcane,Loamy,Standard
135,70,58,Sugarcane,Clay,Standard
161,79,71,Sugarcane,Loamy,Standard
148,64,67,Sugarcane,Loamy,Standard
134,54,62,Sugarcane,Loamy,Standard
144,50,77,Sugarcane,Silt,Standard
146,62,74,Sugarcane,Clay,Standard
159,57,76,Sugarcane,Loamy,Standard
134,58,70,Sugarcane,Loamy,Standard
130,58,71,Sugarcane,Clay,Standard
141,47,69,Sugarcane,Loamy,Standard
128,50,57,Sugarcane,Silt,Standard
134,44,60,Sugarcane,Loamy,Standard
151,48,64,Sugarcane,Loamy,Standard
144,46,66,Sugarcane,Loamy,Standard
161,56,63,Sugarcane,Silt,Standard
149,54,77,Sugarcane,Loamy,Standard
136,55,73,Sugarcane,Clay,Standard
124,54,61,Sugarcane,Clay,Standard
123,51,68,Sugarcane,Loamy,Standard
131,50,57,Sugarcane,Loamy,Standard
148,61,72,Sugarcane,Loamy,Standard
152,52,65,Sugarcane,Loamy,Standard
140,66,54,Sugarcane,Loamy,Standard
131,60,67,Sugarcane,Clay,Standard
143,66,65,Sugarcane,Loamy,Standard
150,66,68,Sugarcane,Silt,Standard
140,60,62,Sugarcane,Clay,Standard
163,60,71,Sugarcane,Clay,Standard
148,51,69,Sugarcane,Silt,Standard
124,48,78,Sugarcane,Loamy,Standard
127,48,54,Sugarcane,Clay,Standard
153,55,61,Sugarcane,Loamy,Standard
152,56,64,Sugarcane,Clay,Standard
136,49,64,Sugarcane,Silt,Standard
142,54,70,Sugarcane,Clay,Standard
140,57,66,Sugarcane,Clay,Standard
138,48,65,Sugarcane,Loamy,Standard
147,60,66,Sugarcane,Clay,Standard
134,56,56,Sugarcane,Loamy,Standard
143,52,50,Sugarcane,Loamy,Standard
145,49,72,Sugarcane,Clay,Standard
127,49,67,Sugarcane,Loamy,Standard
148,48,69,Sugarcane,Loamy,Standard
136,58,55,Sugarcane,Clay,Standard
155,49,73,Sugarcane,Clay,Standard
154,48,63,Sugarcane,Loamy,Standard
158,55,58,Sugarcane,Clay,Standard
128,55,65,Sugarcane,Loamy,Standard
135,54,64,Sugarcane,Clay,Standard
146,64,81,Sugarcane,Clay,Standard
158,48,59,Sugarcane,Clay,Standard
131,49,62,Sugarcane,Clay,Standard
147,58,63,Sugarcane,Clay,Standard
130,42,65,Sugarcane,Silt,Standard
141,61,55,Sugarcane,Loamy,Standard
124,52,77,Sugarcane,Loamy,Standard
138,58,58,Sugarcane,Clay,Standard
141,44,62,Sugarcane,Loamy,Standard
138,45,76,Sugarcane,Clay,Standard
148,56,72,Sugarcane,Loamy,Standard
139,49,68,Sugarcane,Loamy,Standard
151,47,64,Sugarcane,Clay,Standard
150,46,59,Sugarcane,Loamy,Standard
149,41,53,Sugarcane,Clay,Standard
137,52,60,Sugarcane,Clay,Standard
129,55,72,Sugarcane,Loamy,Standard
128,66,62,Sugarcane,Clay,Standard
141,71,51,Sugarcane,Loamy,Standard
135,45,58,Sugarcane,Clay,Standard
123,65,65,Sugarcane,Loamy,Standard
151,54,64,Sugarcane,Clay,Standard
158,56,72,Sugarcane,Clay,Standard
148,50,67,Sugarcane,Clay,Standard
136,62,64,Sugarcane,Loamy,Standard
133,55,59,Sugarcane,Clay,Standard
143,68,57,Sugarcane,Loamy,Standard
133,58,69,Sugarcane,Loamy,Standard
146,45,58,Sugarcane,Clay,Standard
166,57,62,Sugarcane,Clay,Standard
117,60,67,Sugarcane,Clay,Standard
129,52,75,Sugarcane,Silt,Standard
147,56,60,Sugarcane,Clay,Standard
140,62,72,Sugarcane,Clay,Standard
144,49,62,Sugarcane,Loamy,Standard
135,55,71,Sugarcane,Silt,Standard
138,47,68,Sugarcane,Silt,Standard
127,55,65,Sugarcane,Loamy,Standard
141,48,69,Sugarcane,Clay,Standard
129,60,75,Sugarcane,Loamy,Standard
136,65,63,Sugarcane,Loamy,Standard
128,60,58,Sugarcane,Clay,Standard
128,48,59,Sugarcane,Loamy,Standard
149,63,50,Sugarcane,Loamy,Standard
149,61,56,Sugarcane,Clay,Standard
138,64,55,Sugarcane,Loamy,Standard
146,53,76,Sugarcane,Loamy,Standard
149,54,74,Sugarcane,Loamy,Standard
139,44,61,Sugarcane,Loamy,Standard
134,59,75,Sugarcane,Clay,Standard
141,45,70,Sugarcane,Clay,Standard
138,55,70,Sugarcane,Clay,Standard
135,51,78,Sugarcane,Clay,Standard
138,53,65,Sugarcane,Loamy,Standard
140,42,57,Sugarcane,Clay,Standard
167,47,54,Sugarcane,Silt,Standard
147,54,62,Sugarcane,Clay,Standard
161,43,50,Sugarcane,Loamy,Standard
125,61,68,Sugarcane,Clay,Standard
153,68,63,Sugarcane,Clay,Standard
116,52,61,Sugarcane,Clay,Standard
151,64,63,Sugarcane,Loamy,Standard
150,55,68,Sugarcane,Silt,Standard
160,44,61,Sugarcane,Loamy,Standard
138,45,68,Sugarcane,Loamy,Standard
148,60,50,Sugarcane,Silt,Standard
139,47,77,Sugarcane,Clay,Standard
130,61,65,Sugarcane,Clay,Standard
127,48,67,Sugarcane,Loamy,Standard
136,58,68,Sugarcane,Silt,Standard
153,66,57,Sugarcane,Clay,Standard
144,54,51,Sugarcane,Clay,Standard
143,62,75,Sugarcane,Clay,Standard
144,53,56,Sugarcane,Loamy,Standard
131,59,58,Sugarcane,Clay,Standard
153,51,60,Sugarcane,Clay,Standard
113,51,63,Sugarcane,Loamy,Standard
126,52,68,Sugarcane,Loamy,Standard
145,62,54,Sugarcane,Clay,Standard
147,48,59,Sugarcane,Clay,Standard
135,55,70,Sugarcane,Clay,Standard
137,62,56,Sugarcane,Clay,Standard
133,63,56,Sugarcane,Clay,Standard
133,55,62,Sugarcane,Silt,Standard
127,66,56,Sugarcane,Clay,Standard
131,51,68,Sugarcane,Clay,Standard
133,39,72,Sugarcane,Loamy,Standard
121,59,72,Sugarcane,Loamy,Standard
130,52,70,Sugarcane,Loamy,Standard
131,52,70,Sugarcane,Clay,Standard
164,65,63,Sugarcane,Loamy,Standard
141,48,72,Sugarcane,Loamy,Standard
146,58,59,Sugarcane,Loamy,Standard
139,52,74,Sugarcane,Clay,Standard
127,60,66,Sugarcane,Loamy,Standard
150,53,74,Sugarcane,Clay,Standard
144,59,59,Sugarcane,Clay,Standard
127,65,76,Sugarcane,Clay,Standard
148,59,84,Sugarcane,Loamy,Standard
112,57,62,Sugarcane,Clay,Standard
139,61,51,Sugarcane,Loamy,Standard
136,54,65,Sugarcane,Silt,Standard
131,51,66,Sugarcane,Clay,Standard
145,58,76,Sugarcane,Clay,Standard
152,58,69,Sugarcane,Clay,Standard
130,60,61,Sugarcane,Loamy,Standard
129,30,73,Sugarcane,Clay,Standard
140,52,53,Sugarcane,Loamy,Standard
131,59,68,Sugarcane,Loamy,Standard
143,49,62,Sugarcane,Clay,Standard
125,53,65,Sugarcane,Silt,Standard
138,63,70,Sugarcane,Loamy,Standard
154,65,62,Sugarcane,Loamy,Standard
139,60,76,Sugarcane,Loamy,Standard
138,45,66,Sugarcane,Loamy,Standard
161,51,66,Sugarcane,Clay,Standard
151,46,57,Sugarcane,Loamy,Standard
137,56,62,Sugarcane,Loamy,Standard
124,52,76,Sugarcane,Loamy,Standard
131,57,63,Sugarcane,Clay,Standard
128,58,76,Sugarcane,Clay,Standard
134,50,51,Sugarcane,Loamy,Standard
157,58,57,Sugarcane,Loamy,Standard
139,42,58,Sugarcane,Loamy,Standard
141,61,70,Sugarcane,Loamy,Standard
127,71,70,Sugarcane,Loamy,Standard
139,38,79,Sugarcane,Clay,Standard
116,56,67,Sugarcane,Clay,Standard
139,46,63,Sugarcane,Clay,Standard
143,65,60,Sugarcane,Loamy,Standard
144,48,59,Sugarcane,Clay,Standard
136,49,59,Sugarcane,Clay,Standard
136,49,66,Sugarcane,Loamy,Standard
136,54,56,Sugarcane,Clay,Standard
157,59,56,Sugarcane,Loamy,Standard
145,47,73,Sugarcane,Clay,Standard
142,59,73,Sugarcane,Clay,Standard
134,68,55,Sugarcane,Silt,Standard
155,56,64,Sugarcane,Silt,Standard
148,50,71,Sugarcane,Clay,Standard
112,51,52,Sugarcane,Clay,Standard
143,60,66,Sugarcane,Loamy,Standard
133,56,64,Sugarcane,Silt,Standard
149,60,65,Sugarcane,Clay,Standard
131,58,61,Sugarcane,Clay,Standard
147,54,65,Sugarcane,Clay,Standard
141,49,51,Sugarcane,Clay,Standard
144,49,63,Sugarcane,Clay,Standard
144,64,72,Sugarcane,Loamy,Standard
128,48,73,Sugarcane,Loamy,Standard
138,46,63,Sugarcane,Loamy,Standard
135,55,75,Sugarcane,Loamy,Standard
137,60,66,Sugarcane,Clay,Standard
154,57,50,Sugarcane,Clay,Standard
144,54,72,Sugarcane,Loamy,Standard
157,61,69,Sugarcane,Clay,Standard
150,65,65,Sugarcane,Clay,Standard
131,53,57,Sugarcane,Loamy,Standard
157,51,66,Sugarcane,Loamy,Standard
146,58,71,Sugarcane,Loamy,Standard
143,61,65,Sugarcane,Loamy,Standard
122,52,53,Sugarcane,Clay,Standard
125,59,61,Sugarcane,Clay,Standard
130,58,61,Sugarcane,Clay,Standard
138,58,67,Sugarcane,Clay,Standard
120,37,67,Sugarcane,Loamy,Standard
144,61,68,Sugarcane,Clay,Standard
148,53,67,Sugarcane,Loamy,Standard
156,57,48,Sugarcane,Loamy,Standard
156,50,64,Sugarcane,Loamy,Standard
140,67,58,Sugarcane,Clay,Standard
148,57,71,Sugarcane,Silt,Standard
138,53,62,Sugarcane,Silt,Standard
152,55,65,Sugarcane,Clay,Standard
137,51,70,Sugarcane,Loamy,Standard
129,60,64,Sugarcane,Clay,Standard
135,59,69,Sugarcane,Loamy,Standard
155,66,62,Sugarcane,Clay,Standard
152,56,52,Sugarcane,Loamy,Standard
131,54,58,Sugarcane,Clay,Standard
146,44,61,Sugarcane,Loamy,Standard
131,39,54,Sugarcane,Clay,Standard
141,53,72,Sugarcane,Loamy,Standard
139,50,79,Sugarcane,Loamy,Standard
158,50,59,Sugarcane,Loamy,Standard
125,54,63,Sugarcane,Clay,Standard
135,57,78,Sugarcane,Clay,Standard
143,46,71,Sugarcane,Clay,Standard
122,54,64,Sugarcane,Clay,Standard
158,48,83,Sugarcane,Silt,Standard
144,49,83,Sugarcane,Loamy,Standard
128,49,65,Sugarcane,Loamy,Standard
122,49,65,Sugarcane,Loamy,Standard
133,61,58,Sugarcane,Loamy,Standard
158,55,74,Sugarcane,Loamy,Standard
139,62,73,Sugarcane,Clay,Standard
131,62,62,Sugarcane,Loamy,Standard
126,51,54,Sugarcane,Clay,Standard
131,48,71,Sugarcane,Loamy,Standard
141,54,59,Sugarcane,Clay,Standard
138,67,76,Sugarcane,Loamy,Standard
133,54,72,Sugarcane,Clay,Standard
175,56,58,Sugarcane,Clay,Standard
132,50,59,Sugarcane,Clay,Standard
128,52,64,Sugarcane,Loamy,Standard
149,55,68,Sugarcane,Loamy,Standard
135,53,57,Sugarcane,Clay,Standard
131,48,49,Sugarcane,Silt,Standard
153,60,59,Sugarcane,Clay,Standard
150,45,56,Sugarcane,Loamy,Standard
165,51,66,Sugarcane,Loamy,Standard
144,49,49,Sugarcane,Clay,Standard
126,46,65,Sugarcane,Loamy,Standard
132,61,66,Sugarcane,Loamy,Standard
139,52,73,Sugarcane,Loamy,Standard
135,45,61,Sugarcane,Loamy,Standard
149,60,77,Sugarcane,Clay,Standard
121,61,62,Sugarcane,Loamy,Standard
147,47,52,Sugarcane,Clay,Standard
130,41,65,Sugarcane,Silt,Standard
158,55,60,Sugarcane,Loamy,Standard
151,56,68,Sugarcane,Clay,Standard
136,56,65,Sugarcane,Loamy,Standard
134,54,64,Sugarcane,Clay,Standard
148,53,79,Sugarcane,Clay,Standard
159,63,75,Sugarcane,Loamy,Standard
140,49,77,Sugarcane,Loamy,Standard
126,64,62,Sugarcane,Clay,Standard
133,58,54,Sugarcane,Loamy,Standard
139,54,69,Sugarcane,Loamy,Standard
149,46,73,Sugarcane,Clay,Standard
147,51,64,Sugarcane,Clay,Standard
143,51,58,Sugarcane,Loamy,Standard
147,53,70,Sugarcane,Loamy,Standard
147,65,75,Sugarcane,Loamy,Standard
142,55,71,Sugarcane,Loamy,Standard
147,71,44,Sugarcane,Loamy,Standard
160,42,60,Sugarcane,Loamy,Standard
140,52,67,Sugarcane,Loamy,Standard
128,57,54,Sugarcane,Clay,Standard
134,62,77,Sugarcane,Loamy,Standard
124,48,47,Sugarcane,Loamy,Standard
132,53,68,Sugarcane,Loamy,Standard
144,43,70,Sugarcane,Clay,Standard
134,40,70,Sugarcane,Clay,Standard
149,57,72,Sugarcane,Clay,Standard
143,34,73,Sugarcane,Clay,Standard
159,60,76,Sugarcane,Loamy,Standard
145,43,69,Sugarcane,Clay,Standard
156,39,74,Sugarcane,Loamy,Standard
130,63,59,Sugarcane,Loamy,Standard
148,70,69,Sugarcane,Loamy,Standard
138,43,69,Sugarcane,Clay,Standard
136,39,66,Sugarcane,Clay,Standard
121,68,66,Sugarcane,Loamy,Standard
125,63,70,Sugarcane,Loamy,Standard
122,42,69,Sugarcane,Clay,Standard
137,54,65,Sugarcane,Clay,Standard
137,54,73,Sugarcane,Clay,Standard
116,57,57,Sugarcane,Silt,Standard
141,40,58,Sugarcane,Loamy,Standard
150,51,78,Sugarcane,Clay,Standard
136,58,70,Sugarcane,Clay,Standard
135,48,61,Sugarcane,Clay,Standard
139,59,65,Sugarcane,Loamy,Standard
141,64,64,Sugarcane,Loamy,Standard
138,49,59,Sugarcane,Clay,Standard
134,65,40,Sugarcane,Clay,Standard
143,51,65,Sugarcane,Clay,Standard
143,58,69,Sugarcane,Clay,Standard
113,61,70,Sugarcane,Loamy,Standard
131,59,62,Sugarcane,Clay,Standard
119,49,73,Sugarcane,Clay,Standard
142,54,69,Sugarcane,Loamy,Standard
126,54,59,Sugarcane,Loamy,Standard
150,55,61,Sugarcane,Silt,Standard
137,63,50,Sugarcane,Loamy,Standard
151,47,61,Sugarcane,Clay,Standard
132,50,69,Sugarcane,Loamy,Standard
140,60,49,Sugarcane,Clay,Standard
161,73,60,Sugarcane,Silt,Standard
139,62,70,Sugarcane,Clay,Standard
142,54,68,Sugarcane,Loamy,Standard
141,55,71,Sugarcane,Loamy,Standard
131,61,59,Sugarcane,Loamy,Standard
127,63,82,Sugarcane,Loamy,Standard
136,68,65,Sugarcane,Loamy,Standard
128,41,73,Sugarcane,Loamy,Standard
117,46,64,Sugarcane,Loamy,Standard
139,54,66,Sugarcane,Loamy,Standard
146,61,63,Sugarcane,Loamy,Standard
133,64,63,Sugarcane,Clay,Standard
142,47,58,Sugarcane,Loamy,Standard
131,50,70,Sugarcane,Loamy,Standard
133,54,64,Sugarcane,Loamy,Standard
143,49,72,Sugarcane,Loamy,Standard
149,58,68,Sugarcane,Clay,Standard
147,68,64,Sugarcane,Loamy,Standard
146,60,64,Sugarcane,Clay,Standard
159,55,67,Sugarcane,Silt,Standard
153,52,64,Sugarcane,Clay,Standard
148,55,66,Sugarcane,Loamy,Standard
131,58,62,Sugarcane,Silt,Standard
149,53,75,Sugarcane,Loamy,Standard
132,67,62,Sugarcane,Clay,Standard
159,54,74,Sugarcane,Loamy,Standard
129,54,79,Sugarcane,Silt,Standard
110,50,60,Sugarcane,Clay,Standard
130,45,70,Sugarcane,Clay,Standard
132,63,60,Sugarcane,Loamy,Standard
134,53,56,Sugarcane,Loamy,Standard
150,65,57,Sugarcane,Clay,Standard
130,47,56,Sugarcane,Loamy,Standard
128,66,58,Sugarcane,Clay,Standard
152,51,65,Sugarcane,Clay,Standard
146,54,61,Sugarcane,Loamy,Standard
142,60,76,Sugarcane,Loamy,Standard
126,51,87,Sugarcane,Loamy,Standard
147,59,65,Sugarcane,Silt,Standard
142,57,64,Sugarcane,Loamy,Standard
122,67,65,Sugarcane,Clay,Standard
148,48,61,Sugarcane,Clay,Standard
129,64,57,Sugarcane,Clay,Standard
130,55,61,Sugarcane,Loamy,Standard
151,48,70,Sugarcane,Loamy,Standard
128,69,59,Sugarcane,Clay,Standard
146,59,72,Sugarcane,Loamy,Standard
157,51,55,Sugarcane,Loamy,Standard
134,69,61,Sugarcane,Loamy,Standard
144,59,69,Sugarcane,Loamy,Standard
143,61,62,Sugarcane,Clay,Standard
136,57,68,Sugarcane,Loamy,Standard
148,52,74,Sugarcane,Clay,Standard
140,41,75,Sugarcane,Loamy,Standard
141,65,68,Sugarcane,Clay,Standard
138,53,59,Sugarcane,Loamy,Standard
156,60,52,Sugarcane,Clay,Standard
150,55,63,Sugarcane,Loamy,Standard
144,59,65,Sugarcane,Silt,Standard
147,48,64,Sugarcane,Loamy,Standard
137,58,51,Sugarcane,Clay,Standard
136,46,66,Sugarcane,Clay,Standard
124,45,65,Sugarcane,Loamy,Standard
135,57,59,Sugarcane,Loamy,Standard
139,56,52,Sugarcane,Loamy,Standard
140,60,51,Sugarcane,Silt,Standard
155,49,72,Sugarcane,Loamy,Standard
152,53,61,Sugarcane,Loamy,Standard
144,47,57,Sugarcane,Clay,Standard
130,60,60,Sugarcane,Loamy,Standard
126,47,73,Sugarcane,Clay,Standard
161,48,62,Sugarcane,Loamy,Standard
136,49,54,Sugarcane,Loamy,Standard
127,64,64,Sugarcane,Loamy,Standard
157,55,71,Sugarcane,Clay,Standard
159,52,63,Sugarcane,Silt,Standard
142,52,69,Sugarcane,Clay,Standard
136,50,74,Sugarcane,Loamy,Standard
144,55,47,Sugarcane,Clay,Standard
129,51,61,Sugarcane,Loamy,Standard
161,59,64,Sugarcane,Clay,Standard
157,55,70,Sugarcane,Clay,Standard
140,48,64,Sugarcane,Loamy,Standard
131,51,78,Sugarcane,Clay,Standard
164,61,76,Sugarcane,Clay,Standard
157,53,47,Sugarcane,Clay,Standard
146,59,66,Sugarcane,Loamy,Standard
139,49,72,Sugarcane,Loamy,Standard
135,70,58,Sugarcane,Loamy,Standard
140,51,61,Sugarcane,Clay,Standard
129,39,62,Sugarcane,Clay,Standard
106,49,63,Tomato,Sandy,Standard
113,59,60,Tomato,Loamy,Standard
103,59,52,Tomato,Sandy,Standard
88,49,64,Tomato,Clay,Standard
91,48,52,Tomato,Sandy,Standard
88,46,55,Tomato,Loamy,Standard
96,43,65,Tomato,Loamy,Standard
94,51,57,Tomato,Loamy,Standard
92,43,49,Tomato,Loamy,Standard
99,48,59,Tomato,Sandy,Standard
111,53,59,Tomato,Loamy,Standard
113,54,65,Tomato,Loamy,Standard
103,50,55,Tomato,Loamy,Standard
106,49,56,Tomato,Sandy,Standard
84,44,64,Tomato,Loamy,Standard
102,44,58,Tomato,Sandy,Standard
103,46,55,Tomato,Clay,Standard
93,49,58,Tomato,Loamy,Standard
102,31,55,Tomato,Loamy,Standard
96,55,63,Tomato,Loamy,Standard
86,51,55,Tomato,Loamy,Standard
94,50,52,Tomato,Loamy,Standard
111,52,51,Tomato,Loamy,Standard
103,53,55,Tomato,Sandy,Standard
118,47,54,Tomato,Loamy,Standard
96,53,60,Tomato,Loamy,Standard
79,50,57,Tomato,Loamy,Standard
100,51,66,Tomato,Loamy,Standard
90,44,65,Tomato,Clay,Standard
96,39,54,Tomato,Clay,Standard
115,39,63,Tomato,Loamy,Standard
91,52,63,Tomato,Loamy,Standard
108,53,54,Tomato,Loamy,Standard
95,39,56,Tomato,Loamy,Standard
103,48,55,Tomato,Loamy,Standard
92,42,59,Tomato,Loamy,Standard
105,45,58,Tomato,Sandy,Standard
115,46,62,Tomato,Clay,Standard
95,52,58,Tomato,Loamy,Standard
98,48,68,Tomato,Sandy,Standard
106,57,65,Tomato,Loamy,Standard
85,44,64,Tomato,Sandy,Standard
93,54,56,Tomato,Loamy,Standard
97,46,63,Tomato,Loamy,Standard
103,43,58,Tomato,Sandy,Standard
103,52,56,Tomato,Loamy,Standard
97,43,59,Tomato,Loamy,Standard
114,42,66,Tomato,Loamy,Standard
103,50,67,Tomato,Loamy,Standard
102,50,52,Tomato,Loamy,Standard
101,41,73,Tomato,Clay,Standard
105,44,68,Tomato,Clay,Standard
93,52,61,Tomato,Loamy,Standard
91,53,64,Tomato,Sandy,Standard
100,51,64,Tomato,Clay,Standard
92,53,68,Tomato,Loamy,Standard
85,43,66,Tomato,Sandy,Standard
107,49,52,Tomato,Sandy,Standard
125,41,63,Tomato,Loamy,Standard
111,54,55,Tomato,Clay,Standard
110,44,58,Tomato,Clay,Standard
90,56,51,Tomato,Loamy,Standard
101,50,60,Tomato,Clay,Standard
93,45,59,Tomato,Loamy,Standard
90,47,60,Tomato,Clay,Standard
111,53,64,Tomato,Loamy,Standard
86,48,60,Tomato,Loamy,Standard
81,52,53,Tomato,Loamy,Standard
98,47,62,Tomato,Loamy,Standard
117,40,64,Tomato,Clay,Standard
101,48,60,Tomato,Loamy,Standard
101,55,55,Tomato,Loamy,Standard
105,54,57,Tomato,Sandy,Standard
102,54,62,Tomato,Loamy,Standard
99,48,60,Tomato,Clay,Standard
88,55,58,Tomato,Loamy,Standard
106,48,61,Tomato,Loamy,Standard
91,41,57,Tomato,Clay,Standard
115,57,55,Tomato,Loamy,Standard
100,48,58,Tomato,Loamy,Standard
93,48,70,Tomato,Clay,Standard
96,43,64,Tomato,Loamy,Standard
87,45,45,Tomato,Loamy,Standard
105,44,67,Tomato,Loamy,Standard
95,44,64,Tomato,Sandy,Standard
108,52,52,Tomato,Loamy,Standard
128,45,74,Tomato,Sandy,Standard
96,51,57,Tomato,Loamy,Standard
86,48,66,Tomato,Clay,Standard
99,42,66,Tomato,Sandy,Standard
105,48,60,Tomato,Loamy,Standard
110,48,66,Tomato,Loamy,Standard
113,49,53,Tomato,Loamy,Standard
95,45,57,Tomato,Sandy,Standard
111,49,60,Tomato,Sandy,Standard
97,52,61,Tomato,Sandy,Standard
97,52,58,Tomato,Loamy,Standard
100,48,58,Tomato,Loamy,Standard
93,52,66,Tomato,Loamy,Standard
111,51,63,Tomato,Loamy,Standard
96,53,55,Tomato,Clay,Standard
101,48,57,Tomato,Loamy,Standard
106,56,59,Tomato,Clay,Standard
113,53,47,Tomato,Loamy,Standard
114,48,50,Tomato,Loamy,Standard
102,50,57,Tomato,Loamy,Standard
104,45,65,Tomato,Loamy,Standard
108,52,65,Tomato,Loamy,Standard
97,43,66,Tomato,Sandy,Standard
120,47,59,Tomato,Sandy,Standard
93,58,56,Tomato,Loamy,Standard
107,47,54,Tomato,Clay,Standard
95,55,67,Tomato,Loamy,Standard
106,50,60,Tomato,Loamy,Standard
90,53,60,Tomato,Loamy,Standard
82,47,56,Tomato,Loamy,Standard
99,59,61,Tomato,Loamy,Standard
91,52,58,Tomato,Sandy,Standard
112,49,68,Tomato,Clay,Standard
109,53,53,Tomato,Loamy,Standard
103,45,68,Tomato,Loamy,Standard
120,53,59,Tomato,Loamy,Standard
112,52,60,Tomato,Clay,Standard
114,54,58,Tomato,Loamy,Standard
98,49,58,Tomato,Loamy,Standard
113,51,58,Tomato,Clay,Standard
121,54,48,Tomato,Clay,Standard
94,48,54,Tomato,Loamy,Standard
68,49,54,Tomato,Loamy,Standard
100,46,57,Tomato,Loamy,Standard
95,57,67,Tomato,Sandy,Standard
107,38,56,Tomato,Loamy,Standard
99,61,58,Tomato,Sandy,Standard
98,48,61,Tomato,Clay,Standard
109,53,56,Tomato,Loamy,Standard
92,47,55,Tomato,Loamy,Standard
95,47,57,Tomato,Loamy,Standard
104,51,60,Tomato,Loamy,Standard
101,45,60,Tomato,Sandy,Standard
101,52,50,Tomato,Loamy,Standard
111,54,60,Tomato,Sandy,Standard
96,47,62,Tomato,Loamy,Standard
79,50,59,Tomato,Sandy,Standard
111,57,62,Tomato,Loamy,Standard
94,53,52,Tomato,Loamy,Standard
102,44,55,Tomato,Clay,Standard
104,47,54,Tomato,Loamy,Standard
108,53,59,Tomato,Loamy,Standard
100,63,65,Tomato,Sandy,Standard
111,49,57,Tomato,Loamy,Standard
95,40,54,Tomato,Clay,Standard
80,61,58,Tomato,Clay,Standard
90,40,51,Tomato,Clay,Standard
87,49,55,Tomato,Loamy,Standard
89,51,58,Tomato,Loamy,Standard
100,49,70,Tomato,Clay,Standard
96,54,64,Tomato,Clay,Standard
90,51,59,Tomato,Loamy,Standard
102,59,52,Tomato,Sandy,Standard
98,51,53,Tomato,Loamy,Standard
93,46,52,Tomato,Loamy,Standard
95,51,63,Tomato,Loamy,Standard
102,47,62,Tomato,Loamy,Standard
94,40,54,Tomato,Clay,Standard
101,44,62,Tomato,Clay,Standard
92,47,46,Tomato,Clay,Standard
82,64,68,Tomato,Loamy,Standard
107,48,66,Tomato,Loamy,Standard
94,56,61,Tomato,Clay,Standard
92,55,57,Tomato,Loamy,Standard
116,57,63,Tomato,Loamy,Standard
97,50,59,Tomato,Loamy,Standard
100,43,62,Tomato,Sandy,Standard
106,44,64,Tomato,Clay,Standard
99,50,60,Tomato,Sandy,Standard
109,46,60,Tomato,Sandy,Standard
122,50,40,Tomato,Loamy,Standard
112,46,57,Tomato,Loamy,Standard
106,42,54,Tomato,Sandy,Standard
103,46,63,Tomato,Loamy,Standard
94,51,67,Tomato,Loamy,Standard
79,60,54,Tomato,Loamy,Standard
105,52,64,Tomato,Loamy,Standard
95,48,61,Tomato,Loamy,Standard
95,60,58,Tomato,Loamy,Standard
107,34,60,Tomato,Loamy,Standard
110,53,64,Tomato,Loamy,Standard
90,48,70,Tomato,Clay,Standard
98,56,56,Tomato,Loamy,Standard
86,53,76,Tomato,Loamy,Standard
95,44,50,Tomato,Sandy,Standard
89,63,64,Tomato,Clay,Standard
96,51,57,Tomato,Loamy,Standard
117,49,56,Tomato,Loamy,Standard
108,44,56,Tomato,Loamy,Standard
107,50,62,Tomato,Loamy,Standard
94,48,54,Tomato,Loamy,Standard
103,41,63,Tomato,Loamy,Standard
91,55,58,Tomato,Loamy,Standard
113,59,60,Tomato,Loamy,Standard
101,44,56,Tomato,Sandy,Standard
80,61,59,Tomato,Loamy,Standard
108,55,69,Tomato,Clay,Standard
103,40,52,Tomato,Sandy,Standard
92,50,64,Tomato,Clay,Standard
107,50,57,Tomato,Loamy,Standard
93,48,55,Tomato,Loamy,Standard
126,57,63,Tomato,Sandy,Standard
98,54,55,Tomato,Loamy,Standard
95,57,50,Tomato,Loamy,Standard
100,58,59,Tomato,Loamy,Standard
97,53,62,Tomato,Loamy,Standard
101,53,65,Tomato,Loamy,Standard
103,53,58,Tomato,Clay,Standard
101,49,60,Tomato,Loamy,Standard
99,57,72,Tomato,Loamy,Standard
96,51,62,Tomato,Loamy,Standard
112,53,57,Tomato,Sandy,Standard
121,54,59,Tomato,Loamy,Standard
91,53,54,Tomato,Clay,Standard
86,47,64,Tomato,Sandy,Standard
103,50,65,Tomato,Sandy,Standard
96,45,61,Tomato,Clay,Standard
75,47,54,Tomato,Loamy,Standard
108,51,60,Tomato,Clay,Standard
103,42,60,Tomato,Loamy,Standard
116,51,57,Tomato,Loamy,Standard
87,49,62,Tomato,Sandy,Standard
91,54,64,Tomato,Loamy,Standard
101,52,60,Tomato,Clay,Standard
102,55,63,Tomato,Loamy,Standard
98,38,68,Tomato,Loamy,Standard
93,49,59,Tomato,Loamy,Standard
110,54,54,Tomato,Loamy,Standard
99,50,57,Tomato,Loamy,Standard
94,52,61,Tomato,Sandy,Standard
94,45,63,Tomato,Loamy,Standard
99,47,68,Tomato,Loamy,Standard
92,49,56,Tomato,Sandy,Standard
107,51,59,Tomato,Clay,Standard
99,52,56,Tomato,Loamy,Standard
113,43,58,Tomato,Clay,Standard
101,45,63,Tomato,Sandy,Standard
122,50,55,Tomato,Loamy,Standard
91,46,54,Tomato,Loamy,Standard
107,51,63,Tomato,Loamy,Standard
92,39,62,Tomato,Loamy,Standard
88,52,62,Tomato,Sandy,Standard
87,47,59,Tomato,Loamy,Standard
115,47,57,Tomato,Sandy,Standard
101,42,71,Tomato,Clay,Standard
86,49,65,Tomato,Loamy,Standard
119,43,69,Tomato,Loamy,Standard
107,44,62,Tomato,Sandy,Standard
112,45,59,Tomato,Sandy,Standard
94,53,56,Tomato,Sandy,Standard
82,55,72,Tomato,Loamy,Standard
95,47,68,Tomato,Loamy,Standard
110,45,56,Tomato,Clay,Standard
105,54,60,Tomato,Sandy,Standard
95,51,55,Tomato,Sandy,Standard
112,55,57,Tomato,Loamy,Standard
95,44,51,Tomato,Sandy,Standard
89,48,56,Tomato,Clay,Standard
91,42,62,Tomato,Sandy,Standard
113,47,61,Tomato,Clay,Standard
106,58,61,Tomato,Loamy,Standard
106,48,46,Tomato,Loamy,Standard
100,59,60,Tomato,Loamy,Standard
111,48,55,Tomato,Loamy,Standard
105,50,64,Tomato,Sandy,Standard
101,55,59,Tomato,Loamy,Standard
95,53,64,Tomato,Clay,Standard
102,50,56,Tomato,Loamy,Standard
112,52,62,Tomato,Sandy,Standard
82,51,58,Tomato,Sandy,Standard
98,52,60,Tomato,Loamy,Standard
90,50,68,Tomato,Loamy,Standard
101,46,51,Tomato,Clay,Standard
106,47,50,Tomato,Loamy,Standard
93,48,67,Tomato,Loamy,Standard
83,48,60,Tomato,Loamy,Standard
95,55,54,Tomato,Loamy,Standard
103,47,58,Tomato,Loamy,Standard
125,52,63,Tomato,Sandy,Standard
111,46,47,Tomato,Loamy,Standard
95,52,61,Tomato,Clay,Standard
98,62,59,Tomato,Loamy,Standard
106,57,56,Tomato,Clay,Standard
106,58,51,Tomato,Clay,Standard
96,54,63,Tomato,Loamy,Standard
93,50,59,Tomato,Sandy,Standard
88,44,66,Tomato,Loamy,Standard
88,46,63,Tomato,Loamy,Standard
116,46,65,Tomato,Loamy,Standard
101,41,74,Tomato,Loamy,Standard
102,44,54,Tomato,Loamy,Standard
105,55,64,Tomato,Loamy,Standard
100,50,71,Tomato,Sandy,Standard
86,54,61,Tomato,Loamy,Standard
90,46,61,Tomato,Sandy,Standard
107,55,61,Tomato,Loamy,Standard
96,54,61,Tomato,Loamy,Standard
104,56,72,Tomato,Loamy,Standard
83,54,64,Tomato,Sandy,Standard
103,50,48,Tomato,Sandy,Standard
105,51,62,Tomato,Sandy,Standard
98,35,54,Tomato,Loamy,Standard
98,44,67,Tomato,Sandy,Standard
94,50,62,Tomato,Loamy,Standard
117,53,61,Tomato,Loamy,Standard
104,42,51,Tomato,Loamy,Standard
111,52,63,Tomato,Loamy,Standard
101,54,64,Tomato,Loamy,Standard
102,51,59,Tomato,Loamy,Standard
96,41,61,Tomato,Clay,Standard
95,49,61,Tomato,Loamy,Standard
81,46,58,Tomato,Clay,Standard
114,42,56,Tomato,Clay,Standard
115,41,70,Tomato,Sandy,Standard
99,48,50,Tomato,Sandy,Standard
96,52,63,Tomato,Clay,Standard
106,48,56,Tomato,Sandy,Standard
112,50,58,Tomato,Loamy,Standard
109,43,54,Tomato,Loamy,Standard
105,59,51,Tomato,Clay,Standard
100,53,58,Tomato,Sandy,Standard
115,47,53,Tomato,Sandy,Standard
96,55,65,Tomato,Sandy,Standard
98,45,54,Tomato,Sandy,Standard
87,51,63,Tomato,Sandy,Standard
97,48,70,Tomato,Loamy,Standard
100,48,54,Tomato,Clay,Standard
81,51,59,Tomato,Loamy,Standard
112,55,55,Tomato,Clay,Standard
88,46,65,Tomato,Loamy,Standard
91,49,62,Tomato,Clay,Standard
107,51,60,Tomato,Loamy,Standard
103,50,58,Tomato,Sandy,Standard
100,58,64,Tomato,Clay,Standard
102,46,64,Tomato,Sandy,Standard
86,47,57,Tomato,Sandy,Standard
96,46,57,Tomato,Loamy,Standard
109,57,52,Tomato,Sandy,Standard
92,53,59,Tomato,Loamy,Standard
97,54,66,Tomato,Loamy,Standard
95,53,69,Tomato,Loamy,Standard
92,46,59,Tomato,Loamy,Standard
102,50,51,Tomato,Sandy,Standard
81,56,58,Tomato,Sandy,Standard
102,45,60,Tomato,Loamy,Standard
86,49,65,Tomato,Loamy,Standard
104,48,58,Tomato,Loamy,Standard
87,49,67,Tomato,Loamy,Standard
109,48,68,Tomato,Clay,Standard
104,48,63,Tomato,Clay,Standard
99,48,58,Tomato,Loamy,Standard
105,54,52,Tomato,Loamy,Standard
105,51,54,Tomato,Clay,Standard
106,46,57,Tomato,Loamy,Standard
90,50,57,Tomato,Loamy,Standard
92,56,61,Tomato,Sandy,Standard
91,45,58,Tomato,Clay,Standard
102,46,50,Tomato,Sandy,Standard
82,54,68,Tomato,Loamy,Standard
103,49,58,Tomato,Loamy,Standard
88,53,53,Tomato,Loamy,Standard
96,52,56,Tomato,Loamy,Standard
100,45,63,Tomato,Clay,Standard
99,52,66,Tomato,Loamy,Standard
104,49,67,Tomato,Loamy,Standard
118,47,50,Tomato,Loamy,Standard
98,50,61,Tomato,Loamy,Standard
105,40,63,Tomato,Loamy,Standard
97,55,54,Tomato,Loamy,Standard
96,48,64,Tomato,Clay,Standard
102,48,63,Tomato,Sandy,Standard
84,50,61,Tomato,Loamy,Standard
96,57,56,Tomato,Loamy,Standard
113,47,68,Tomato,Clay,Standard
106,48,58,Tomato,Clay,Standard
113,58,58,Tomato,Loamy,Standard
93,46,67,Tomato,Sandy,Standard
95,44,64,Tomato,Loamy,Standard
99,50,65,Tomato,Sandy,Standard
115,54,56,Tomato,Sandy,Standard
104,40,59,Tomato,Clay,Standard
88,55,58,Tomato,Loamy,Standard
103,43,47,Tomato,Loamy,Standard
101,46,59,Tomato,Loamy,Standard
82,46,59,Tomato,Sandy,Standard
106,59,61,Tomato,Loamy,Standard
100,53,57,Tomato,Loamy,Standard
110,43,59,Tomato,Sandy,Standard
99,51,60,Tomato,Loamy,Standard
113,46,64,Tomato,Loamy,Standard
96,42,66,Tomato,Clay,Standard
99,48,59,Tomato,Clay,Standard
104,44,59,Tomato,Clay,Standard
96,49,55,Tomato,Loamy,Standard
98,49,52,Tomato,Sandy,Standard
111,44,63,Tomato,Clay,Standard
91,52,67,Tomato,Loamy,Standard
107,51,65,Tomato,Loamy,Standard
120,57,58,Tomato,Loamy,Standard
88,57,57,Tomato,Loamy,Standard
98,51,66,Tomato,Loamy,Standard
95,46,60,Tomato,Loamy,Standard
106,48,54,Tomato,Loamy,Standard
112,47,55,Tomato,Loamy,Standard
101,47,58,Tomato,Sandy,Standard
110,42,67,Tomato,Loamy,Standard
107,52,67,Tomato,Loamy,Standard
104,50,66,Tomato,Sandy,Standard
110,48,60,Tomato,Loamy,Standard
109,54,62,Tomato,Loamy,Standard
99,56,49,Tomato,Loamy,Standard
85,50,63,Tomato,Clay,Standard
105,45,62,Tomato,Sandy,Standard
109,55,60,Tomato,Clay,Standard
84,47,59,Tomato,Clay,Standard
110,45,59,Tomato,Sandy,Standard
95,41,58,Tomato,Sandy,Standard
95,52,55,Tomato,Clay,Standard
109,52,58,Tomato,Clay,Standard
95,54,66,Tomato,Sandy,Standard
94,49,63,Tomato,Loamy,Standard
110,48,63,Tomato,Loamy,Standard
102,51,54,Tomato,Loamy,Standard
100,44,67,Tomato,Clay,Standard
112,47,54,Tomato,Loamy,Standard
95,54,58,Tomato,Loamy,Standard
98,49,51,Tomato,Loamy,Standard
103,39,59,Tomato,Loamy,Standard
106,51,54,Tomato,Sandy,Standard
84,48,71,Tomato,Loamy,Standard
116,47,57,Tomato,Loamy,Standard
97,48,59,Tomato,Clay,Standard
110,40,61,Tomato,Clay,Standard
108,53,57,Tomato,Clay,Standard
112,52,56,Tomato,Loamy,Standard
112,52,64,Tomato,Loamy,Standard
90,47,61,Tomato,Loamy,Standard
98,46,54,Tomato,Sandy,Standard
85,50,57,Tomato,Loamy,Standard
93,46,59,Tomato,Sandy,Standard
111,43,62,Tomato,Sandy,Standard
83,49,61,Tomato,Loamy,Standard
107,49,59,Tomato,Loamy,Standard
88,45,57,Tomato,Sandy,Standard
113,41,55,Tomato,Loamy,Standard
116,46,59,Tomato,Sandy,Standard
91,44,73,Tomato,Loamy,Standard
97,43,58,Tomato,Sandy,Standard
90,53,58,Tomato,Loamy,Standard
80,54,67,Tomato,Sandy,Standard
89,55,56,Tomato,Loamy,Standard
81,50,54,Tomato,Clay,Standard
91,53,60,Tomato,Clay,Standard
74,59,60,Tomato,Loamy,Standard
84,52,69,Tomato,Loamy,Standard
90,48,57,Tomato,Loamy,Standard
101,44,62,Tomato,Loamy,Standard
108,58,62,Tomato,Sandy,Standard
108,51,61,Tomato,Loamy,Standard
110,55,62,Tomato,Loamy,Standard
110,49,59,Tomato,Loamy,Standard
84,44,58,Tomato,Loamy,Standard
95,47,60,Tomato,Loamy,Standard
83,53,56,Tomato,Loamy,Standard
102,53,67,Tomato,Clay,Standard
96,45,53,Tomato,Clay,Standard
113,48,60,Tomato,Loamy,Standard
100,50,55,Tomato,Sandy,Standard
100,49,61,Tomato,Clay,Standard
107,47,64,Tomato,Clay,Standard
106,48,61,Tomato,Loamy,Standard
104,50,54,Tomato,Loamy,Standard
106,53,58,Tomato,Loamy,Standard
103,50,59,Tomato,Sandy,Standard
99,50,65,Tomato,Clay,Standard
84,59,54,Tomato,Clay,Standard
84,49,57,Tomato,Loamy,Standard
103,52,51,Tomato,Loamy,Standard
96,50,59,Tomato,Loamy,Standard
89,48,59,Tomato,Clay,Standard
92,51,56,Tomato,Sandy,Standard
117,53,63,Tomato,Loamy,Standard
97,49,60,Tomato,Loamy,Standard
107,51,61,Tomato,Loamy,Standard
107,48,52,Tomato,Sandy,Standard
97,46,60,Tomato,Loamy,Standard
88,47,58,Tomato,Loamy,Standard
113,45,59,Tomato,Loamy,Standard
105,47,53,Tomato,Loamy,Standard
91,54,62,Tomato,Clay,Standard
102,50,64,Tomato,Clay,Standard
100,47,64,Tomato,Loamy,Standard
80,60,64,Tomato,Loamy,Standard
91,45,52,Tomato,Sandy,Standard
126,59,54,Wheat,Loamy,Standard
123,56,47,Wheat,Loamy,Standard
112,60,57,Wheat,Loamy,Standard
103,62,46,Wheat,Sandy,Standard
120,63,49,Wheat,Clay,Standard
130,59,48,Wheat,Clay,Standard
134,60,55,Wheat,Loamy,Standard
122,63,48,Wheat,Clay,Standard
131,53,57,Wheat,Clay,Standard
101,59,52,Wheat,Loamy,Standard
130,67,40,Wheat,Loamy,Standard
118,65,46,Wheat,Loamy,Standard
126,65,52,Wheat,Loamy,Standard
119,62,43,Wheat,Loamy,Standard
122,65,47,Wheat,Loamy,Standard
128,57,46,Wheat,Loamy,Standard
140,63,50,Wheat,Clay,Standard
145,54,49,Wheat,Loamy,Standard
148,64,49,Wheat,Loamy,Standard
134,57,40,Wheat,Loamy,Standard
137,58,51,Wheat,Loamy,Standard
108,62,57,Wheat,Clay,Standard
122,57,55,Wheat,Clay,Standard
149,51,51,Wheat,Loamy,Standard
110,62,50,Wheat,Clay,Standard
123,54,58,Wheat,Loamy,Standard
135,57,46,Wheat,Loamy,Standard
137,59,49,Wheat,Clay,Standard
134,57,57,Wheat,Clay,Standard
123,56,56,Wheat,Loamy,Standard
129,60,52,Wheat,Loamy,Standard
122,71,46,Wheat,Loamy,Standard
117,58,48,Wheat,Clay,Standard
114,55,51,Wheat,Clay,Standard
130,60,45,Wheat,Loamy,Standard
131,59,50,Wheat,Loamy,Standard
120,57,47,Wheat,Loamy,Standard
90,64,58,Wheat,Loamy,Standard
111,58,57,Wheat,Loamy,Standard
107,56,44,Wheat,Clay,Standard
130,62,39,Wheat,Loamy,Standard
134,59,50,Wheat,Clay,Standard
112,59,52,Wheat,Loamy,Standard
120,56,49,Wheat,Clay,Standard
135,67,35,Wheat,Loamy,Standard
130,51,53,Wheat,Loamy,Standard
119,62,55,Wheat,Loamy,Standard
110,58,51,Wheat,Clay,Standard
127,64,43,Wheat,Clay,Standard
116,61,50,Wheat,Sandy,Standard
114,70,60,Wheat,Loamy,Standard
123,57,48,Wheat,Loamy,Standard
124,52,49,Wheat,Loamy,Standard
143,60,45,Wheat,Loamy,Standard
128,60,48,Wheat,Loamy,Standard
121,58,53,Wheat,Sandy,Standard
139,63,50,Wheat,Clay,Standard
143,51,54,Wheat,Loamy,Standard
141,60,49,Wheat,Clay,Standard
128,60,48,Wheat,Loamy,Standard
123,58,45,Wheat,Sandy,Standard
128,54,56,Wheat,Loamy,Standard
132,67,44,Wheat,Loamy,Standard
144,51,46,Wheat,Clay,Standard
115,64,40,Wheat,Sandy,Standard
105,51,48,Wheat,Clay,Standard
156,58,48,Wheat,Sandy,Standard
115,51,55,Wheat,Clay,Standard
121,62,52,Wheat,Loamy,Standard
125,63,57,Wheat,Clay,Standard
108,54,44,Wheat,Loamy,Standard
133,59,52,Wheat,Sandy,Standard
128,54,52,Wheat,Clay,Standard
117,62,43,Wheat,Sandy,Standard
115,58,50,Wheat,Clay,Standard
107,62,45,Wheat,Loamy,Standard
140,53,56,Wheat,Loamy,Standard
123,62,44,Wheat,Clay,Standard
114,54,42,Wheat,Clay,Standard
127,57,52,Wheat,Loamy,Standard
116,65,47,Wheat,Clay,Standard
126,61,48,Wheat,Loamy,Standard
134,57,49,Wheat,Loamy,Standard
118,62,48,Wheat,Clay,Standard
126,58,54,Wheat,Loamy,Standard
125,60,63,Wheat,Loamy,Standard
107,58,48,Wheat,Sandy,Standard
144,64,44,Wheat,Sandy,Standard
135,61,47,Wheat,Clay,Standard
138,60,43,Wheat,Loamy,Standard
127,68,42,Wheat,Sandy,Standard
117,58,51,Wheat,Sandy,Standard
127,55,47,Wheat,Sandy,Standard
140,54,48,Wheat,Loamy,Standard
136,62,61,Wheat,Loamy,Standard
112,52,51,Wheat,Sandy,Standard
99,58,47,Wheat,Clay,Standard
116,63,51,Wheat,Loamy,Standard
126,60,44,Wheat,Clay,Standard
138,57,54,Wheat,Loamy,Standard
122,52,41,Wheat,Loamy,Standard
117,56,54,Wheat,Loamy,Standard
119,58,60,Wheat,Clay,Standard
138,54,55,Wheat,Loamy,Standard
111,66,47,Wheat,Loamy,Standard
109,57,52,Wheat,Loamy,Standard
114,63,46,Wheat,Loamy,Standard
123,62,52,Wheat,Loamy,Standard
114,58,52,Wheat,Clay,Standard
150,61,52,Wheat,Loamy,Standard
131,54,50,Wheat,Clay,Standard
124,57,54,Wheat,Sandy,Standard
125,53,48,Wheat,Loamy,Standard
142,59,51,Wheat,Clay,Standard
111,68,50,Wheat,Loamy,Standard
121,57,47,Wheat,Clay,Standard
123,58,51,Wheat,Clay,Standard
111,55,54,Wheat,Loamy,Standard
123,56,47,Wheat,Clay,Standard
121,65,56,Wheat,Clay,Standard
111,59,54,Wheat,Clay,Standard
109,69,51,Wheat,Clay,Standard
127,64,46,Wheat,Clay,Standard
134,58,54,Wheat,Clay,Standard
122,60,44,Wheat,Sandy,Standard
127,59,50,Wheat,Loamy,Standard
103,65,50,Wheat,Loamy,Standard
118,60,51,Wheat,Clay,Standard
116,55,53,Wheat,Sandy,Standard
115,63,51,Wheat,Clay,Standard
109,50,47,Wheat,Loamy,Standard
147,51,52,Wheat,Loamy,Standard
95,56,49,Wheat,Clay,Standard
141,58,52,Wheat,Loamy,Standard
113,55,51,Wheat,Loamy,Standard
133,66,53,Wheat,Clay,Standard
111,56,53,Wheat,Loamy,Standard
122,59,58,Wheat,Loamy,Standard
125,56,45,Wheat,Clay,Standard
133,58,56,Wheat,Clay,Standard
145,55,44,Wheat,Loamy,Standard
103,63,45,Wheat,Sandy,Standard
110,58,48,Wheat,Loamy,Standard
102,63,45,Wheat,Loamy,Standard
142,60,53,Wheat,Clay,Standard
106,56,59,Wheat,Loamy,Standard
131,63,46,Wheat,Loamy,Standard
121,60,45,Wheat,Loamy,Standard
139,56,55,Wheat,Clay,Standard
115,64,45,Wheat,Clay,Standard
108,57,54,Wheat,Clay,Standard
125,62,45,Wheat,Loamy,Standard
144,63,56,Wheat,Clay,Standard
125,54,51,Wheat,Clay,Standard
103,59,54,Wheat,Loamy,Standard
136,59,50,Wheat,Clay,Standard
100,57,48,Wheat,Clay,Standard
121,54,50,Wheat,Loamy,Standard
126,58,48,Wheat,Loamy,Standard
126,61,52,Wheat,Sandy,Standard
130,62,41,Wheat,Loamy,Standard
132,65,42,Wheat,Loamy,Standard
122,51,52,Wheat,Sandy,Standard
107,63,55,Wheat,Loamy,Standard
107,59,48,Wheat,Loamy,Standard
130,56,52,Wheat,Loamy,Standard
137,62,54,Wheat,Loamy,Standard
121,55,47,Wheat,Clay,Standard
148,53,51,Wheat,Clay,Standard
144,59,51,Wheat,Loamy,Standard
134,67,47,Wheat,Loamy,Standard
110,53,48,Wheat,Sandy,Standard
123,67,53,Wheat,Loamy,Standard
128,61,41,Wheat,Clay,Standard
98,56,45,Wheat,Clay,Standard
118,59,52,Wheat,Sandy,Standard
124,66,46,Wheat,Loamy,Standard
148,60,48,Wheat,Loamy,Standard
130,62,46,Wheat,Loamy,Standard
110,52,53,Wheat,Loamy,Standard
121,59,52,Wheat,Loamy,Standard
90,54,50,Wheat,Clay,Standard
114,58,44,Wheat,Loamy,Standard
119,51,46,Wheat,Clay,Standard
122,63,46,Wheat,Clay,Standard
114,52,61,Wheat,Loamy,Standard
103,58,50,Wheat,Loamy,Standard
114,64,48,Wheat,Loamy,Standard
111,56,52,Wheat,Loamy,Standard
140,56,44,Wheat,Sandy,Standard
94,62,57,Wheat,Loamy,Standard
126,61,43,Wheat,Clay,Standard
133,61,46,Wheat,Sandy,Standard
122,69,44,Wheat,Clay,Standard
107,61,53,Wheat,Loamy,Standard
132,54,49,Wheat,Loamy,Standard
109,54,51,Wheat,Loamy,Standard
151,59,51,Wheat,Loamy,Standard
138,59,48,Wheat,Loamy,Standard
132,67,59,Wheat,Clay,Standard
128,61,52,Wheat,Sandy,Standard
125,47,49,Wheat,Clay,Standard
125,56,48,Wheat,Loamy,Standard
130,59,53,Wheat,Loamy,Standard
136,46,55,Wheat,Loamy,Standard
131,60,56,Wheat,Loamy,Standard
140,64,46,Wheat,Loamy,Standard
126,55,45,Wheat,Clay,Standard
113,54,42,Wheat,Clay,Standard
126,59,45,Wheat,Clay,Standard
106,64,58,Wheat,Sandy,Standard
116,58,53,Wheat,Sandy,Standard
119,62,58,Wheat,Clay,Standard
118,60,41,Wheat,Sandy,Standard
118,64,52,Wheat,Loamy,Standard
115,55,50,Wheat,Sandy,Standard
133,58,47,Wheat,Sandy,Standard
124,55,50,Wheat,Loamy,Standard
132,59,53,Wheat,Loamy,Standard
130,61,43,Wheat,Clay,Standard
115,62,50,Wheat,Clay,Standard
129,48,55,Wheat,Sandy,Standard
138,61,50,Wheat,Loamy,Standard
128,57,47,Wheat,Loamy,Standard
112,53,45,Wheat,Loamy,Standard
122,62,59,Wheat,Loamy,Standard
138,62,59,Wheat,Sandy,Standard
112,58,55,Wheat,Clay,Standard
127,53,50,Wheat,Sandy,Standard
129,57,50,Wheat,Loamy,Standard
117,64,46,Wheat,Loamy,Standard
136,59,51,Wheat,Clay,Standard
139,70,51,Wheat,Loamy,Standard
132,58,51,Wheat,Loamy,Standard
126,62,52,Wheat,Clay,Standard
138,59,50,Wheat,Loamy,Standard
148,59,51,Wheat,Clay,Standard
124,53,47,Wheat,Loamy,Standard
119,49,46,Wheat,Loamy,Standard
112,63,54,Wheat,Clay,Standard
134,58,50,Wheat,Loamy,Standard
105,69,42,Wheat,Loamy,Standard
131,50,48,Wheat,Loamy,Standard
126,55,50,Wheat,Loamy,Standard
128,53,45,Wheat,Clay,Standard
133,62,44,Wheat,Loamy,Standard
115,58,51,Wheat,Sandy,Standard
117,67,53,Wheat,Clay,Standard
122,59,61,Wheat,Loamy,Standard
136,58,46,Wheat,Loamy,Standard
109,57,59,Wheat,Loamy,Standard
132,49,44,Wheat,Clay,Standard
133,55,47,Wheat,Loamy,Standard
143,55,49,Wheat,Loamy,Standard
124,59,55,Wheat,Loamy,Standard
125,56,48,Wheat,Loamy,Standard
139,60,50,Wheat,Loamy,Standard
127,74,52,Wheat,Clay,Standard
135,60,55,Wheat,Loamy,Standard
129,62,54,Wheat,Loamy,Standard
124,57,55,Wheat,Clay,Standard
109,55,40,Wheat,Sandy,Standard
128,60,42,Wheat,Loamy,Standard
120,57,51,Wheat,Loamy,Standard
123,57,52,Wheat,Loamy,Standard
127,65,54,Wheat,Clay,Standard
112,57,47,Wheat,Clay,Standard
157,50,46,Wheat,Loamy,Standard
116,55,48,Wheat,Loamy,Standard
116,62,46,Wheat,Loamy,Standard
140,64,52,Wheat,Loamy,Standard
126,59,50,Wheat,Loamy,Standard
129,54,45,Wheat,Loamy,Standard
139,56,58,Wheat,Clay,Standard
108,63,52,Wheat,Clay,Standard
125,51,46,Wheat,Loamy,Standard
112,60,44,Wheat,Sandy,Standard
116,55,56,Wheat,Loamy,Standard
106,60,56,Wheat,Clay,Standard
126,63,60,Wheat,Sandy,Standard
125,63,48,Wheat,Loamy,Standard
101,60,61,Wheat,Loamy,Standard
123,52,50,Wheat,Clay,Standard
137,64,40,Wheat,Loamy,Standard
119,60,40,Wheat,Loamy,Standard
124,60,40,Wheat,Clay,Standard
144,57,47,Wheat,Loamy,Standard
135,65,47,Wheat,Loamy,Standard
138,54,40,Wheat,Loamy,Standard
148,58,43,Wheat,Loamy,Standard
121,62,51,Wheat,Loamy,Standard
136,54,45,Wheat,Loamy,Standard
108,52,55,Wheat,Loamy,Standard
106,61,51,Wheat,Loamy,Standard
119,63,50,Wheat,Loamy,Standard
123,64,50,Wheat,Sandy,Standard
141,63,47,Wheat,Loamy,Standard
145,64,42,Wheat,Loamy,Standard
111,62,49,Wheat,Loamy,Standard
119,60,43,Wheat,Loamy,Standard
118,48,45,Wheat,Clay,Standard
109,59,50,Wheat,Clay,Standard
121,58,49,Wheat,Loamy,Standard
135,62,47,Wheat,Clay,Standard
128,61,55,Wheat,Loamy,Standard
116,56,48,Wheat,Sandy,Standard
127,50,52,Wheat,Loamy,Standard
123,62,51,Wheat,Loamy,Standard
142,56,50,Wheat,Loamy,Standard
128,58,54,Wheat,Loamy,Standard
119,62,52,Wheat,Clay,Standard
141,58,43,Wheat,Clay,Standard
141,56,54,Wheat,Loamy,Standard
147,57,52,Wheat,Loamy,Standard
128,54,46,Wheat,Loamy,Standard
110,56,58,Wheat,Clay,Standard
115,61,59,Wheat,Loamy,Standard
129,65,49,Wheat,Loamy,Standard
120,51,45,Wheat,Sandy,Standard
143,58,46,Wheat,Clay,Standard
133,54,57,Wheat,Loamy,Standard
128,59,62,Wheat,Sandy,Standard
135,64,50,Wheat,Loamy,Standard
117,59,51,Wheat,Loamy,Standard
106,57,55,Wheat,Clay,Standard
127,61,41,Wheat,Loamy,Standard
122,63,42,Wheat,Loamy,Standard
114,56,43,Wheat,Clay,Standard
118,64,55,Wheat,Loamy,Standard
123,58,51,Wheat,Clay,Standard
142,70,52,Wheat,Clay,Standard
98,63,47,Wheat,Loamy,Standard
132,56,50,Wheat,Loamy,Standard
113,65,41,Wheat,Loamy,Standard
107,50,48,Wheat,Sandy,Standard
106,59,50,Wheat,Loamy,Standard
125,63,57,Wheat,Loamy,Standard
127,62,49,Wheat,Clay,Standard
132,56,47,Wheat,Sandy,Standard
106,59,55,Wheat,Loamy,Standard
105,61,47,Wheat,Loamy,Standard
118,58,49,Wheat,Loamy,Standard
143,54,47,Wheat,Loamy,Standard
106,58,53,Wheat,Loamy,Standard
145,59,49,Wheat,Loamy,Standard
113,59,47,Wheat,Loamy,Standard
129,65,38,Wheat,Loamy,Standard
110,66,56,Wheat,Clay,Standard
121,68,57,Wheat,Loamy,Standard
136,70,48,Wheat,Loamy,Standard
140,67,54,Wheat,Loamy,Standard
141,57,59,Wheat,Loamy,Standard
129,60,43,Wheat,Loamy,Standard
104,63,42,Wheat,Clay,Standard
138,59,41,Wheat,Clay,Standard
119,59,50,Wheat,Loamy,Standard
121,57,50,Wheat,Loamy,Standard
130,59,54,Wheat,Loamy,Standard
125,66,47,Wheat,Loamy,Standard
131,59,57,Wheat,Loamy,Standard
116,62,46,Wheat,Sandy,Standard
127,55,46,Wheat,Loamy,Standard
126,61,49,Wheat,Loamy,Standard
146,60,45,Wheat,Loamy,Standard
111,58,48,Wheat,Loamy,Standard
128,61,42,Wheat,Clay,Standard
117,58,58,Wheat,Loamy,Standard
122,57,52,Wheat,Loamy,Standard
109,54,45,Wheat,Sandy,Standard
132,58,51,Wheat,Clay,Standard
120,58,56,Wheat,Loamy,Standard
141,65,54,Wheat,Loamy,Standard
122,58,45,Wheat,Loamy,Standard
115,50,53,Wheat,Clay,Standard
123,53,49,Wheat,Loamy,Standard
120,55,49,Wheat,Loamy,Standard
116,62,56,Wheat,Clay,Standard
128,61,51,Wheat,Sandy,Standard
142,50,53,Wheat,Sandy,Standard
137,55,45,Wheat,Loamy,Standard
118,61,54,Wheat,Loamy,Standard
138,63,43,Wheat,Clay,Standard
126,62,49,Wheat,Clay,Standard
131,58,45,Wheat,Loamy,Standard
116,58,45,Wheat,Loamy,Standard
118,55,45,Wheat,Loamy,Standard
114,61,47,Wheat,Sandy,Standard
116,67,41,Wheat,Loamy,Standard
114,59,49,Wheat,Loamy,Standard
118,62,46,Wheat,Sandy,Standard
145,53,58,Wheat,Loamy,Standard
121,50,50,Wheat,Loamy,Standard
111,58,47,Wheat,Loamy,Standard
148,61,50,Wheat,Loamy,Standard
133,58,37,Wheat,Loamy,Standard
133,54,44,Wheat,Clay,Standard
136,66,46,Wheat,Clay,Standard
134,67,48,Wheat,Loamy,Standard
135,61,46,Wheat,Loamy,Standard
123,66,44,Wheat,Sandy,Standard
87,53,46,Wheat,Loamy,Standard
128,61,52,Wheat,Loamy,Standard
132,54,53,Wheat,Loamy,Standard
130,60,53,Wheat,Clay,Standard
112,61,53,Wheat,Clay,Standard
117,60,56,Wheat,Loamy,Standard
119,62,54,Wheat,Loamy,Standard
127,63,53,Wheat,Clay,Standard
123,63,47,Wheat,Loamy,Standard
119,51,55,Wheat,Clay,Standard
110,62,55,Wheat,Loamy,Standard
134,57,48,Wheat,Loamy,Standard
127,59,49,Wheat,Loamy,Standard
115,57,51,Wheat,Loamy,Standard
108,66,52,Wheat,Sandy,Standard
104,52,50,Wheat,Loamy,Standard
129,61,46,Wheat,Loamy,Standard
132,58,49,Wheat,Clay,Standard
114,55,49,Wheat,Loamy,Standard
130,56,48,Wheat,Loamy,Standard
127,56,47,Wheat,Clay,Standard
110,64,49,Wheat,Loamy,Standard
143,57,49,Wheat,Clay,Standard
152,59,53,Wheat,Loamy,Standard
129,60,54,Wheat,Loamy,Standard
115,61,48,Wheat,Loamy,Standard
110,56,41,Wheat,Clay,Standard
137,59,45,Wheat,Clay,Standard
121,62,57,Wheat,Loamy,Standard
130,63,37,Wheat,Loamy,Standard
116,60,47,Wheat,Loamy,Standard
111,67,44,Wheat,Loamy,Standard
131,57,56,Wheat,Loamy,Standard
124,60,52,Wheat,Loamy,Standard
131,61,49,Wheat,Clay,Standard
127,61,42,Wheat,Loamy,Standard
132,59,51,Wheat,Loamy,Standard
112,58,46,Wheat,Loamy,Standard
131,57,49,Wheat,Clay,Standard
108,62,50,Wheat,Loamy,Standard
130,59,55,Wheat,Loamy,Standard
137,61,53,Wheat,Clay,Standard
112,54,46,Wheat,Loamy,Standard
137,63,47,Wheat,Loamy,Standard
129,65,50,Wheat,Loamy,Standard
108,54,43,Wheat,Loamy,Standard
110,67,43,Wheat,Clay,Standard
141,64,55,Wheat,Loamy,Standard
109,64,49,Wheat,Loamy,Standard
119,69,48,Wheat,Loamy,Standard
119,59,53,Wheat,Loamy,Standard
147,61,59,Wheat,Loamy,Standard
153,60,43,Wheat,Loamy,Standard
137,62,44,Wheat,Clay,Standard
110,58,53,Wheat,Clay,Standard
131,65,51,Wheat,Loamy,Standard
120,60,33,Wheat,Loamy,Standard
119,59,50,Wheat,Loamy,Standard
137,62,54,Wheat,Loamy,Standard
103,57,48,Wheat,Loamy,Standard
120,64,40,Wheat,Loamy,Standard
147,54,59,Wheat,Loamy,Standard
142,59,52,Wheat,Clay,Standard
117,53,62,Wheat,Clay,Standard
133,62,52,Wheat,Loamy,Standard
138,58,54,Wheat,Loamy,Standard
124,51,54,Wheat,Loamy,Standard
90,66,64,Wheat,Loamy,Standard
128,57,50,Wheat,Sandy,Standard
123,60,41,Wheat,Loamy,Standard
127,60,48,Wheat,Clay,Standard
139,57,57,Wheat,Sandy,Standard
141,59,51,Wheat,Loamy,Standard
123,59,45,Wheat,Clay,Standard
141,59,45,Wheat,Sandy,Standard
133,60,40,Wheat,Loamy,Standard
119,54,47,Wheat,Loamy,Standard
117,67,49,Wheat,Loamy,Standard
128,64,55,Wheat,Loamy,Standard
140,57,51,Wheat,Clay,Standard
116,63,53,Wheat,Clay,Standard
134,60,49,Wheat,Clay,Standard
130,55,60,Wheat,Loamy,Standard
120,57,47,Wheat,Loamy,Standard
118,53,46,Wheat,Clay,Standard
149,56,51,Wheat,Loamy,Standard
139,69,41,Wheat,Loamy,Standard
109,56,44,Wheat,Sandy,Standard
127,60,46,Wheat,Loamy,Standard
97,58,48,Wheat,Sandy,Standard
121,54,47,Wheat,Loamy,Standard
110,51,48,Wheat,Loamy,Standard
123,55,54,Wheat,Loamy,Standard
130,61,49,Wheat,Clay,Standard
129,63,50,Wheat,Sandy,Standard
145,61,51,Wheat,Clay,Standard
126,63,46,Wheat,Clay,Standard
119,61,52,Wheat,Clay,Standard
107,55,51,Wheat,Loamy,Standard
115,63,50,Wheat,Loamy,Standard
